bias,pred_rg_lattice,pred_rg_observed,mean_contacts,cov_contact_rg,corr_contact_rg,d_rg_db,rg_scale_used,scale_label,rg_summary
-10,1.6215166,0.65665019,25.999864,-7.3764852e-06,-0.81641319,7.7534898e-06,0.4049605139,fitted scale,rms
-9.95,1.621517,0.65665034,25.999857,-7.7547037e-06,-0.81640891,7.9522645e-06,0.4049605139,fitted scale,rms
-9.9,1.6215174,0.65665051,25.999849,-8.1523158e-06,-0.81640442,8.3600061e-06,0.4049605139,fitted scale,rms
-9.85,1.6215178,0.65665068,25.999842,-8.5703159e-06,-0.8163997,8.7886553e-06,0.4049605139,fitted scale,rms
-9.8,1.6215183,0.65665087,25.999834,-9.0097498e-06,-0.81639473,9.2392842e-06,0.4049605139,fitted scale,rms
-9.75,1.6215187,0.65665106,25.999825,-9.4717164e-06,-0.81638951,9.7130199e-06,0.4049605139,fitted scale,rms
-9.7,1.6215192,0.65665126,25.999816,-9.9573714e-06,-0.81638402,1.0211047e-05,0.4049605139,fitted scale,rms
-9.65,1.6215197,0.65665147,25.999807,-1.046793e-05,-0.81637825,1.0734613e-05,0.4049605139,fitted scale,rms
-9.6,1.6215203,0.65665169,25.999797,-1.1004668e-05,-0.81637219,1.1285025e-05,0.4049605139,fitted scale,rms
-9.55,1.6215209,0.65665193,25.999786,-1.156893e-05,-0.81636581,1.1863662e-05,0.4049605139,fitted scale,rms
-9.5,1.6215215,0.65665217,25.999775,-1.2162126e-05,-0.81635911,1.247197e-05,0.4049605139,fitted scale,rms
-9.45,1.6215221,0.65665243,25.999764,-1.278574e-05,-0.81635206,1.3111471e-05,0.4049605139,fitted scale,rms
-9.4,1.6215228,0.65665271,25.999752,-1.3441333e-05,-0.81634465,1.3783766e-05,0.4049605139,fitted scale,rms
-9.35,1.6215235,0.65665299,25.999739,-1.4130545e-05,-0.81633687,1.4490536e-05,0.4049605139,fitted scale,rms
-9.3,1.6215242,0.65665329,25.999726,-1.4855099e-05,-0.81632868,1.5233549e-05,0.4049605139,fitted scale,rms
-9.25,1.621525,0.65665361,25.999712,-1.561681e-05,-0.81632008,1.6014664e-05,0.4049605139,fitted scale,rms
-9.2,1.6215258,0.65665394,25.999697,-1.6417581e-05,-0.81631103,1.6835836e-05,0.4049605139,fitted scale,rms
-9.15,1.6215267,0.65665429,25.999681,-1.7259418e-05,-0.81630152,1.7699119e-05,0.4049605139,fitted scale,rms
-9.1,1.6215276,0.65665466,25.999665,-1.8144426e-05,-0.81629152,1.8606673e-05,0.4049605139,fitted scale,rms
-9.05,1.6215286,0.65665504,25.999648,-1.9074819e-05,-0.81628101,1.9560769e-05,0.4049605139,fitted scale,rms
-9,1.6215296,0.65665545,25.99963,-2.0052926e-05,-0.81626997,2.0563794e-05,0.4049605139,fitted scale,rms
-8.95,1.6215306,0.65665588,25.999611,-2.1081195e-05,-0.81625835,2.1618258e-05,0.4049605139,fitted scale,rms
-8.9,1.6215317,0.65665632,25.999591,-2.2162197e-05,-0.81624615,2.27268e-05,0.4049605139,fitted scale,rms
-8.85,1.6215329,0.6566568,25.99957,-2.329864e-05,-0.81623331,2.3892193e-05,0.4049605139,fitted scale,rms
-8.8,1.6215341,0.65665729,25.999548,-2.4493366e-05,-0.81621982,2.5117355e-05,0.4049605139,fitted scale,rms
-8.75,1.6215354,0.65665781,25.999524,-2.5749366e-05,-0.81620564,2.6405352e-05,0.4049605139,fitted scale,rms
-8.7,1.6215368,0.65665836,25.9995,-2.7069783e-05,-0.81619073,2.7759407e-05,0.4049605139,fitted scale,rms
-8.65,1.6215382,0.65665894,25.999474,-2.8457922e-05,-0.81617506,2.9182909e-05,0.4049605139,fitted scale,rms
-8.6,1.6215397,0.65665954,25.999447,-2.9917258e-05,-0.81615859,3.0679422e-05,0.4049605139,fitted scale,rms
-8.55,1.6215413,0.65666018,25.999419,-3.1451444e-05,-0.81614127,3.2252691e-05,0.4049605139,fitted scale,rms
-8.5,1.6215429,0.65666085,25.999389,-3.3064321e-05,-0.81612307,3.3906656e-05,0.4049605139,fitted scale,rms
-8.45,1.6215446,0.65666155,25.999358,-3.4759925e-05,-0.81610393,3.5645455e-05,0.4049605139,fitted scale,rms
-8.4,1.6215465,0.65666229,25.999325,-3.6542503e-05,-0.81608382,3.7473444e-05,0.4049605139,fitted scale,rms
-8.35,1.6215484,0.65666307,25.99929,-3.8416517e-05,-0.81606267,3.9395198e-05,0.4049605139,fitted scale,rms
-8.3,1.6215504,0.65666389,25.999254,-4.038666e-05,-0.81604045,4.1415529e-05,0.4049605139,fitted scale,rms
-8.25,1.6215525,0.65666475,25.999216,-4.2457866e-05,-0.81601708,4.3539498e-05,0.4049605139,fitted scale,rms
-8.2,1.6215548,0.65666565,25.999175,-4.4635321e-05,-0.81599252,4.5772421e-05,0.4049605139,fitted scale,rms
-8.15,1.6215571,0.6566666,25.999133,-4.6924478e-05,-0.81596671,4.8119893e-05,0.4049605139,fitted scale,rms
-8.1,1.6215596,0.6566676,25.999089,-4.9331072e-05,-0.81593957,5.0587793e-05,0.4049605139,fitted scale,rms
-8.05,1.6215622,0.65666865,25.999042,-5.186113e-05,-0.81591105,5.3182302e-05,0.4049605139,fitted scale,rms
-8,1.6215649,0.65666975,25.998993,-5.4520991e-05,-0.81588106,5.5909919e-05,0.4049605139,fitted scale,rms
-7.95,1.6215678,0.65667091,25.998941,-5.7317318e-05,-0.81584954,5.8777479e-05,0.4049605139,fitted scale,rms
-7.9,1.6215708,0.65667213,25.998887,-6.0257119e-05,-0.81581642,6.1792167e-05,0.4049605139,fitted scale,rms
-7.85,1.6215739,0.65667342,25.998829,-6.3347759e-05,-0.81578159,6.4961536e-05,0.4049605139,fitted scale,rms
-7.8,1.6215773,0.65667476,25.998769,-6.6596984e-05,-0.81574499,6.8293529e-05,0.4049605139,fitted scale,rms
-7.75,1.6215808,0.65667618,25.998706,-7.0012938e-05,-0.81570652,7.1796497e-05,0.4049605139,fitted scale,rms
-7.7,1.6215845,0.65667767,25.99864,-7.3604183e-05,-0.81566608,7.5479222e-05,0.4049605139,fitted scale,rms
-7.65,1.6215883,0.65667924,25.99857,-7.7379724e-05,-0.81562357,7.9350936e-05,0.4049605139,fitted scale,rms
-7.6,1.6215924,0.65668089,25.998496,-8.1349025e-05,-0.81557889,8.3421345e-05,0.4049605139,fitted scale,rms
-7.55,1.6215967,0.65668262,25.998419,-8.5522042e-05,-0.81553193,8.7700658e-05,0.4049605139,fitted scale,rms
-7.5,1.6216012,0.65668444,25.998338,-8.990924e-05,-0.81548257,9.2199606e-05,0.4049605139,fitted scale,rms
-7.45,1.6216059,0.65668635,25.998253,-9.4521624e-05,-0.8154307,9.6929475e-05,0.4049605139,fitted scale,rms
-7.4,1.6216108,0.65668836,25.998163,-9.9370764e-05,-0.81537617,0.00010190213,0.4049605139,fitted scale,rms
-7.35,1.6216161,0.65669048,25.998069,-0.00010446883,-0.81531886,0.00010713005,0.4049605139,fitted scale,rms
-7.3,1.6216216,0.6566927,25.997969,-0.00010982861,-0.81525863,0.00011262635,0.4049605139,fitted scale,rms
-7.25,1.6216273,0.65669504,25.997865,-0.00011546357,-0.81519532,0.00011840483,0.4049605139,fitted scale,rms
-7.2,1.6216334,0.6566975,25.997755,-0.00012138784,-0.81512879,0.00012448,0.4049605139,fitted scale,rms
-7.15,1.6216398,0.65670008,25.99764,-0.00012761631,-0.81505886,0.00013086711,0.4049605139,fitted scale,rms
-7.1,1.6216465,0.6567028,25.997519,-0.00013416462,-0.81498537,0.0001375822,0.4049605139,fitted scale,rms
-7.05,1.6216535,0.65670565,25.997391,-0.00014104921,-0.81490814,0.00014464214,0.4049605139,fitted scale,rms
-7,1.621661,0.65670865,25.997257,-0.0001482874,-0.81482697,0.00015206466,0.4049605139,fitted scale,rms
-6.95,1.6216687,0.65671181,25.997116,-0.00015589735,-0.81474167,0.00015986843,0.4049605139,fitted scale,rms
-6.9,1.6216769,0.65671513,25.996968,-0.00016389822,-0.81465202,0.00016807306,0.4049605139,fitted scale,rms
-6.85,1.6216856,0.65671862,25.996812,-0.00017231011,-0.81455782,0.00017669918,0.4049605139,fitted scale,rms
-6.8,1.6216946,0.65672228,25.996648,-0.00018115418,-0.81445882,0.00018576849,0.4049605139,fitted scale,rms
-6.75,1.6217041,0.65672614,25.996475,-0.00019045269,-0.81435479,0.00019530379,0.4049605139,fitted scale,rms
-6.7,1.6217141,0.65673019,25.996294,-0.00020022904,-0.81424547,0.00020532909,0.4049605139,fitted scale,rms
-6.65,1.6217247,0.65673445,25.996103,-0.00021050782,-0.8141306,0.00021586963,0.4049605139,fitted scale,rms
-6.6,1.6217357,0.65673893,25.995902,-0.00022131494,-0.81400989,0.00022695194,0.4049605139,fitted scale,rms
-6.55,1.6217474,0.65674364,25.995691,-0.00023267761,-0.81388306,0.00023860394,0.4049605139,fitted scale,rms
-6.5,1.6217596,0.6567486,25.995469,-0.00024462446,-0.8137498,0.00025085499,0.4049605139,fitted scale,rms
-6.45,1.6217724,0.6567538,25.995236,-0.00025718562,-0.81360978,0.00026373598,0.4049605139,fitted scale,rms
-6.4,1.621786,0.65675928,25.994991,-0.00027039275,-0.81346266,0.00027727937,0.4049605139,fitted scale,rms
-6.35,1.6218002,0.65676503,25.994732,-0.00028427918,-0.81330809,0.00029151935,0.4049605139,fitted scale,rms
-6.3,1.6218151,0.65677108,25.994461,-0.00029887995,-0.81314571,0.00030649184,0.4049605139,fitted scale,rms
-6.25,1.6218308,0.65677744,25.994175,-0.00031423192,-0.8129751,0.00032223464,0.4049605139,fitted scale,rms
-6.2,1.6218473,0.65678413,25.993875,-0.00033037388,-0.81279588,0.00033878752,0.4049605139,fitted scale,rms
-6.15,1.6218647,0.65679116,25.993559,-0.00034734662,-0.8126076,0.00035619231,0.4049605139,fitted scale,rms
-6.1,1.621883,0.65679856,25.993226,-0.00036519306,-0.81240982,0.00037449301,0.4049605139,fitted scale,rms
-6.05,1.6219021,0.65680633,25.992877,-0.00038395832,-0.81220207,0.0003937359,0.4049605139,fitted scale,rms
-6,1.6219223,0.6568145,25.992509,-0.00040368992,-0.81198385,0.00041396968,0.4049605139,fitted scale,rms
-5.95,1.6219435,0.65682309,25.992122,-0.00042443781,-0.81175464,0.0004352456,0.4049605139,fitted scale,rms
-5.9,1.6219659,0.65683213,25.991714,-0.00044625456,-0.8115139,0.00045761753,0.4049605139,fitted scale,rms
-5.85,1.6219893,0.65684162,25.991286,-0.00046919548,-0.81126107,0.00048114221,0.4049605139,fitted scale,rms
-5.8,1.622014,0.65685161,25.990835,-0.00049331876,-0.81099555,0.00050587928,0.4049605139,fitted scale,rms
-5.75,1.6220399,0.65686211,25.990361,-0.00051868564,-0.8107167,0.00053189152,0.4049605139,fitted scale,rms
-5.7,1.6220672,0.65687315,25.989862,-0.00054536053,-0.81042389,0.000559245,0.4049605139,fitted scale,rms
-5.65,1.6220958,0.65688476,25.989337,-0.00057341122,-0.81011643,0.00058800922,0.4049605139,fitted scale,rms
-5.6,1.622126,0.65689696,25.988784,-0.00060290906,-0.8097936,0.00061825731,0.4049605139,fitted scale,rms
-5.55,1.6221576,0.65690979,25.988202,-0.00063392912,-0.80945466,0.00065006624,0.4049605139,fitted scale,rms
-5.5,1.622191,0.65692329,25.98759,-0.00066655038,-0.80909882,0.00068351699,0.4049605139,fitted scale,rms
-5.45,1.622226,0.65693747,25.986946,-0.00070085599,-0.80872527,0.00071869482,0.4049605139,fitted scale,rms
-5.4,1.6222628,0.65695239,25.986268,-0.00073693343,-0.80833315,0.0007556894,0.4049605139,fitted scale,rms
-5.35,1.6223016,0.65696808,25.985554,-0.00077487481,-0.80792156,0.00079459514,0.4049605139,fitted scale,rms
-5.3,1.6223423,0.65698457,25.984802,-0.00081477702,-0.80748957,0.00083551141,0.4049605139,fitted scale,rms
-5.25,1.6223851,0.65700191,25.984011,-0.00085674209,-0.80703622,0.00087854276,0.4049605139,fitted scale,rms
-5.2,1.6224301,0.65702015,25.983178,-0.00090087738,-0.80656047,0.00092379927,0.4049605139,fitted scale,rms
-5.15,1.6224775,0.65703932,25.982301,-0.00094729591,-0.80606126,0.00097139679,0.4049605139,fitted scale,rms
-5.1,1.6225273,0.65705948,25.981378,-0.00099611664,-0.80553748,0.0010214573,0.4049605139,fitted scale,rms
-5.05,1.6225796,0.65708069,25.980405,-0.0010474648,-0.80498798,0.001074109,0.4049605139,fitted scale,rms
-5,1.6226347,0.65710298,25.979381,-0.0011014722,-0.80441154,0.0011294873,0.4049605139,fitted scale,rms
-4.95,1.6226926,0.65712643,25.978302,-0.0011582777,-0.80380691,0.0011877342,0.4049605139,fitted scale,rms
-4.9,1.6227535,0.65715108,25.977166,-0.0012180274,-0.80317277,0.0012489995,0.4049605139,fitted scale,rms
-4.85,1.6228175,0.65717701,25.975969,-0.001280875,-0.80250776,0.0013134409,0.4049605139,fitted scale,rms
-4.8,1.6228848,0.65720427,25.974707,-0.0013469825,-0.80181044,0.0013812244,0.4049605139,fitted scale,rms
-4.75,1.6229556,0.65723294,25.973378,-0.0014165204,-0.80107934,0.0014525246,0.4049605139,fitted scale,rms
-4.7,1.6230301,0.65726309,25.971978,-0.0014896683,-0.80031291,0.0015275256,0.4049605139,fitted scale,rms
-4.65,1.6231084,0.6572948,25.970502,-0.0015666152,-0.79950954,0.0016064211,0.4049605139,fitted scale,rms
-4.6,1.6231907,0.65732814,25.968946,-0.0016475601,-0.79866757,0.001689415,0.4049605139,fitted scale,rms
-4.55,1.6232773,0.65736321,25.967306,-0.0017327126,-0.79778527,0.001776722,0.4049605139,fitted scale,rms
-4.5,1.6233684,0.65740009,25.965577,-0.0018222935,-0.79686084,0.0018685684,0.4049605139,fitted scale,rms
-4.45,1.6234642,0.65743888,25.963754,-0.0019165352,-0.7958924,0.0019651922,0.4049605139,fitted scale,rms
-4.4,1.6235649,0.65747968,25.961831,-0.0020156825,-0.79487802,0.0020668444,0.4049605139,fitted scale,rms
-4.35,1.6236708,0.65752258,25.959803,-0.0021199932,-0.79381569,0.0021737889,0.4049605139,fitted scale,rms
-4.3,1.6237823,0.65756771,25.957663,-0.002229739,-0.79270333,0.0022863042,0.4049605139,fitted scale,rms
-4.25,1.6238995,0.65761517,25.955406,-0.0023452061,-0.7915388,0.0024046833,0.4049605139,fitted scale,rms
-4.2,1.6240227,0.65766509,25.953023,-0.0024666957,-0.79031987,0.002529235,0.4049605139,fitted scale,rms
-4.15,1.6241524,0.65771759,25.950509,-0.0025945258,-0.78904423,0.0026602847,0.4049605139,fitted scale,rms
-4.1,1.6242888,0.65777282,25.947855,-0.0027290309,-0.78770953,0.0027981754,0.4049605139,fitted scale,rms
-4.05,1.6244322,0.65783091,25.945053,-0.0028705641,-0.78631331,0.0029432686,0.4049605139,fitted scale,rms
-4,1.6245831,0.65789201,25.942093,-0.0030194975,-0.78485306,0.0030959456,0.4049605139,fitted scale,rms
-3.95,1.6247418,0.65795628,25.938967,-0.0031762238,-0.7833262,0.0032566085,0.4049605139,fitted scale,rms
-3.9,1.6249088,0.65802389,25.935664,-0.0033411571,-0.78173007,0.0034256819,0.4049605139,fitted scale,rms
-3.85,1.6250844,0.65809501,25.932174,-0.003514735,-0.78006195,0.0036036139,0.4049605139,fitted scale,rms
-3.8,1.6252691,0.65816982,25.928485,-0.0036974194,-0.77831907,0.0037908781,0.4049605139,fitted scale,rms
-3.75,1.6254635,0.65824852,25.924585,-0.0038896989,-0.77649859,0.0039879754,0.4049605139,fitted scale,rms
-3.7,1.6256679,0.65833132,25.92046,-0.0040920907,-0.77459765,0.0041954358,0.4049605139,fitted scale,rms
-3.65,1.625883,0.65841842,25.916097,-0.0043051423,-0.77261331,0.0044138213,0.4049605139,fitted scale,rms
-3.6,1.6261093,0.65851006,25.911481,-0.0045294347,-0.77054266,0.0046437279,0.4049605139,fitted scale,rms
-3.55,1.6263474,0.65860647,25.906595,-0.0047655853,-0.76838273,0.0048857896,0.4049605139,fitted scale,rms
-3.5,1.6265979,0.65870792,25.901421,-0.005014251,-0.76613059,0.0051406812,0.4049605139,fitted scale,rms
-3.45,1.6268615,0.65881465,25.895942,-0.0052761327,-0.76378334,0.0054091234,0.4049605139,fitted scale,rms
-3.4,1.6271388,0.65892696,25.890137,-0.0055519798,-0.76133812,0.0056918876,0.4049605139,fitted scale,rms
-3.35,1.6274306,0.65904515,25.883985,-0.0058425963,-0.7587922,0.0059898021,0.4049605139,fitted scale,rms
-3.3,1.6277378,0.65916953,25.877461,-0.0061488474,-0.75614297,0.0063037593,0.4049605139,fitted scale,rms
-3.25,1.628061,0.65930043,25.870542,-0.0064716683,-0.75338801,0.0066347253,0.4049605139,fitted scale,rms
-3.2,1.6284013,0.65943821,25.8632,-0.0068120736,-0.75052517,0.0069837499,0.4049605139,fitted scale,rms
-3.15,1.6287594,0.65958324,25.855405,-0.0071711704,-0.74755263,0.0073519808,0.4049605139,fitted scale,rms
-3.1,1.6291364,0.65973593,25.847125,-0.0075501731,-0.74446899,0.0077406791,0.4049605139,fitted scale,rms
-3.05,1.6295335,0.65989671,25.838326,-0.0079504216,-0.7412734,0.0081512397,0.4049605139,fitted scale,rms
-3,1.6299516,0.66006603,25.82897,-0.0083734047,-0.73796568,0.0085852156,0.4049605139,fitted scale,rms
-2.95,1.630392,0.66024438,25.819015,-0.0088207878,-0.7345465,0.0090443487,0.4049605139,fitted scale,rms
-2.9,1.630856,0.66043229,25.808416,-0.0092944477,-0.73101756,0.0095306067,0.4049605139,fitted scale,rms
-2.85,1.631345,0.66063033,25.797124,-0.0097965159,-0.72738182,0.01004623,0.4049605139,fitted scale,rms
-2.8,1.6318606,0.66083912,25.785083,-0.010329432,-0.72364377,0.010593789,0.4049605139,fitted scale,rms
-2.75,1.6324044,0.66105933,25.772234,-0.010896008,-0.71980976,0.011176256,0.4049605139,fitted scale,rms
-2.7,1.6329783,0.66129171,25.758508,-0.011499514,-0.71588832,0.011797094,0.4049605139,fitted scale,rms
-2.65,1.6335841,0.66153707,25.743833,-0.012143777,-0.71189066,0.012460365,0.4049605139,fitted scale,rms
-2.6,1.6342243,0.66179631,25.728124,-0.012833311,-0.70783107,0.01317087,0.4049605139,fitted scale,rms
-2.55,1.6349012,0.66207044,25.711288,-0.013573473,-0.70372748,0.013934321,0.4049605139,fitted scale,rms
-2.5,1.6356177,0.66236059,25.69322,-0.014370659,-0.69960205,0.014757549,0.4049605139,fitted scale,rms
-2.45,1.636377,0.66266806,25.673801,-0.015232555,-0.69548176,0.015648774,0.4049605139,fitted scale,rms
-2.4,1.6371826,0.66299431,25.652895,-0.016168438,-0.69139909,0.016617936,0.4049605139,fitted scale,rms
-2.35,1.6380388,0.66334102,25.630349,-0.017189563,-0.68739261,0.017677105,0.4049605139,fitted scale,rms
-2.3,1.6389503,0.66371016,25.605983,-0.018309638,-0.68350756,0.018841003,0.4049605139,fitted scale,rms
-2.25,1.6399229,0.66410401,25.579594,-0.019545422,-0.67979629,0.020127648,0.4049605139,fitted scale,rms
-2.2,1.6409631,0.66452525,25.550942,-0.020917475,-0.67631854,0.021559162,0.4049605139,fitted scale,rms
-2.15,1.6420788,0.66497707,25.519753,-0.02245109,-0.67314133,0.023162784,0.4049605139,fitted scale,rms
-2.1,1.6432794,0.66546325,25.4857,-0.024177461,-0.67033855,0.024972138,0.4049605139,fitted scale,rms
-2.05,1.644576,0.66598834,25.448402,-0.026135153,-0.66798989,0.027028824,0.4049605139,fitted scale,rms
-2,1.6459822,0.66655781,25.407409,-0.028371932,-0.66617918,0.029384413,0.4049605139,fitted scale,rms
-1.95,1.6475144,0.66717829,25.362186,-0.030947066,-0.66499193,0.032102944,0.4049605139,fitted scale,rms
-1.9,1.6491925,0.66785786,25.312096,-0.03393419,-0.66451203,0.035264061,0.4049605139,fitted scale,rms
-1.85,1.6510408,0.66860635,25.256381,-0.037424905,-0.66481763,0.038966943,0.4049605139,fitted scale,rms
-1.8,1.6530892,0.66943586,25.194131,-0.041533253,-0.66597641,0.043335216,0.4049605139,fitted scale,rms
-1.75,1.6553744,0.67036126,25.124258,-0.046401285,-0.66804032,0.048523091,0.4049605139,fitted scale,rms
-1.7,1.6579415,0.67140086,25.045455,-0.052205967,-0.67104035,0.054723007,0.4049605139,fitted scale,rms
-1.65,1.6608467,0.67257732,24.956152,-0.059167676,-0.67498167,0.062175086,0.4049605139,fitted scale,rms
-1.6,1.664159,0.6739187,24.854469,-0.067560592,-0.67983979,0.071178788,0.4049605139,fitted scale,rms
-1.55,1.6679645,0.67545978,24.738154,-0.07772527,-0.6855582,0.082107121,0.4049605139,fitted scale,rms
-1.5,1.6723698,0.67724372,24.604525,-0.090083636,-0.69204787,0.095423766,0.4049605139,fitted scale,rms
-1.45,1.6775069,0.67932407,24.450399,-0.10515655,-0.69918905,0.11170338,0.4049605139,fitted scale,rms
-1.4,1.6835401,0.68176726,24.272031,-0.12358385,-0.70683528,0.13165506,0.4049605139,fitted scale,rms
-1.35,1.6906724,0.68465558,24.065062,-0.14614642,-0.71481967,0.15614857,0.4049605139,fitted scale,rms
-1.3,1.699155,0.68809066,23.824481,-0.17378905,-0.72296342,0.1862418,0.4049605139,fitted scale,rms
-1.25,1.7092966,0.69219763,23.544632,-0.20764201,-0.73108608,0.2232066,0.4049605139,fitted scale,rms
-1.2,1.7214756,0.69712965,23.219267,-0.24903694,-0.73901724,0.26854676,0.4049605139,fitted scale,rms
-1.15,1.7361513,0.70307272,22.841684,-0.29950991,-0.74660849,0.32399714,0.4049605139,fitted scale,rms
-1.1,1.7538753,0.71025025,22.40495,-0.36077855,-0.7537431,0.39148414,0.4049605139,fitted scale,rms
-1.05,1.7752997,0.71892628,21.902237,-0.43467135,-0.76033993,0.47301532,0.4049605139,fitted scale,rms
-1,1.8011769,0.72940551,21.32727,-0.52297406,-0.76634665,0.57045089,0.4049605139,fitted scale,rms
-0.95,1.8323448,0.74202729,20.674892,-0.6271434,-0.77171848,0.68509971,0.4049605139,fitted scale,rms
-0.9,1.8696868,0.75714934,19.941737,-0.74783359,-0.77638337,0.81709569,0.4049605139,fitted scale,rms
-0.85,1.9140544,0.77511644,19.127017,-0.88420858,-0.780202,0.96457687,0.4049605139,fitted scale,rms
-0.8,1.9661445,0.79621089,18.233409,-1.0331067,-0.7829384,1.1228316,0.4049605139,fitted scale,rms
-0.75,2.0263375,0.82058669,17.267957,-1.188299,-0.78425796,1.2837712,0.4049605139,fitted scale,rms
-0.7,2.0945216,0.84819856,16.242794,-1.3402806,-0.78376062,1.4362167,0.4049605139,fitted scale,rms
-0.65,2.1699592,0.87874779,15.175312,-1.4770903,-0.7810419,1.5673625,0.4049605139,fitted scale,rms
-0.6,2.2512579,0.91167055,14.087386,-1.5863558,-0.77576311,1.6652901,0.4049605139,fitted scale,rms
-0.55,2.3364882,0.94618547,13.003444,-1.658104,-0.76771105,1.7217508,0.4049605139,fitted scale,rms
-0.5,2.423433,0.98139466,11.947666,-1.6872495,-0.75683472,1.7340821,0.4049605139,fitted scale,rms
-0.45,2.5098964,1.0164089,10.941065,-1.6746361,-0.74325507,1.7054485,0.4049605139,fitted scale,rms
-0.4,2.5939778,1.0504586,9.9992988,-1.626234,-0.72724916,1.6434308,0.4049605139,fitted scale,rms
-0.35,2.6742395,1.0829614,9.1317761,-1.5510462,-0.70921371,1.5577423,0.4049605139,fitted scale,rms
-0.3,2.749752,1.113541,8.3420333,-1.4587622,-0.6896157,1.4580439,0.4049605139,fitted scale,rms
-0.25,2.8200439,1.1420064,7.6289492,-1.3579926,-0.66894043,1.3524867,0.4049605139,fitted scale,rms
-0.2,2.8850007,1.1683114,6.9882546,-1.2553881,-0.64764662,1.2471082,0.4049605139,fitted scale,rms
-0.15,2.9447547,1.1925094,6.4139213,-1.1555016,-0.62613516,1.1458737,0.4049605139,fitted scale,rms
-0.1,2.9995881,1.2147147,5.8992266,-1.0610842,-0.60473313,1.0510524,0.4049605139,fitted scale,rms
-0.05,3.04986,1.2350729,5.4374602,-0.97353709,-0.5836909,0.96368703,0.4049605139,fitted scale,rms
0,3.0959568,1.2537402,5.0223307,-0.89334814,-0.5631882,0.88401605,0.4049605139,fitted scale,rms
0.05,3.1382616,1.270872,4.6481588,-0.82044097,-0.54334493,0.81179825,0.4049605139,fitted scale,rms
0.1,3.1771366,1.2866149,4.3099345,-0.75442368,-0.52423335,0.74653767,0.4049605139,fitted scale,rms
0.15,3.2129153,1.3011038,4.0032987,-0.69475224,-0.50588968,0.68762752,0.4049605139,fitted scale,rms
0.2,3.2458994,1.3144611,3.724486,-0.64083063,-0.488324,0.63443611,0.4049605139,fitted scale,rms
0.25,3.2763589,1.326796,3.4702551,-0.59206829,-0.47152821,0.58635431,0.4049605139,fitted scale,rms
0.3,3.3045348,1.3382061,3.2378164,-0.54791009,-0.45548212,0.54281897,0.4049605139,fitted scale,rms
0.35,3.3306408,1.348778,3.0247661,-0.50784988,-0.44015795,0.50332219,0.4049605139,fitted scale,rms
0.4,3.354867,1.3585887,2.8290274,-0.47143446,-0.42552355,0.46741256,0.4049605139,fitted scale,rms
0.45,3.3773821,1.3677064,2.6488,-0.43826245,-0.41154467,0.43469236,0.4049605139,fitted scale,rms
0.5,3.3983362,1.376192,2.4825176,-0.40798052,-0.3981865,0.40481275,0.4049605139,fitted scale,rms
0.55,3.4178634,1.3840997,2.3288122,-0.38027861,-0.38541465,0.37746841,0.4049605139,fitted scale,rms
0.6,3.4360831,1.391478,2.1864841,-0.35488496,-0.37319584,0.35239223,0.4049605139,fitted scale,rms
0.65,3.4531026,1.3983702,2.0544774,-0.3315613,-0.36149826,0.3293503,0.4049605139,fitted scale,rms
0.7,3.4690181,1.4048154,1.9318589,-0.31009848,-0.35029178,0.30813747,0.4049605139,fitted scale,rms
0.75,3.4839163,1.4108485,1.8178014,-0.2903126,-0.33954807,0.28857345,0.4049605139,fitted scale,rms
0.8,3.4978755,1.4165014,1.7115684,-0.27204159,-0.32924057,0.27049939,0.4049605139,fitted scale,rms
0.85,3.5109663,1.4218027,1.6125027,-0.25514229,-0.31934447,0.253775,0.4049605139,fitted scale,rms
0.9,3.523253,1.4267783,1.5200154,-0.23948791,-0.30983664,0.23827602,0.4049605139,fitted scale,rms
0.95,3.5347939,1.4314519,1.433578,-0.22496588,-0.30069554,0.22389212,0.4049605139,fitted scale,rms
1,3.5456422,1.4358451,1.352714,-0.211476,-0.29190113,0.21052504,0.4049605139,fitted scale,rms
1.05,3.5558464,1.4399774,1.2769936,-0.19892881,-0.28343475,0.1980871,0.4049605139,fitted scale,rms
1.1,3.5654509,1.4438668,1.2060273,-0.1872443,-0.27527906,0.1864998,0.4049605139,fitted scale,rms
1.15,3.5744964,1.4475299,1.1394619,-0.17635071,-0.2674179,0.17569271,0.4049605139,fitted scale,rms
1.2,3.5830202,1.4509817,1.0769763,-0.16618351,-0.25983625,0.16560252,0.4049605139,fitted scale,rms
1.25,3.5910566,1.4542361,1.0182776,-0.15668458,-0.25252009,0.15617213,0.4049605139,fitted scale,rms
1.3,3.5986374,1.457306,0.9630987,-0.1478014,-0.24545638,0.14734999,0.4049605139,fitted scale,rms
1.35,3.6057916,1.4602032,0.91119502,-0.1394865,-0.23863292,0.13908942,0.4049605139,fitted scale,rms
1.4,3.6125463,1.4629386,0.86234253,-0.13169679,-0.23203834,0.13134807,0.4049605139,fitted scale,rms
1.45,3.6189264,1.4655223,0.81633553,-0.12439315,-0.22566203,0.12408748,0.4049605139,fitted scale,rms
1.5,3.6249551,1.4679637,0.77298491,-0.11753996,-0.21949403,0.11727259,0.4049605139,fitted scale,rms
1.55,3.6306537,1.4702714,0.7321165,-0.11110477,-0.21352503,0.11087146,0.4049605139,fitted scale,rms
1.6,3.6360422,1.4724535,0.69356967,-0.10505789,-0.20774632,0.10485488,0.4049605139,fitted scale,rms
1.65,3.6411392,1.4745176,0.65719606,-0.099372209,-0.20214971,0.099196114,0.4049605139,fitted scale,rms
1.7,3.6459618,1.4764706,0.62285847,-0.094022844,-0.19672751,0.093870655,0.4049605139,fitted scale,rms
1.75,3.6505262,1.478319,0.59042984,-0.088986972,-0.1914725,0.088855999,0.4049605139,fitted scale,rms
1.8,3.6548474,1.4800689,0.55979236,-0.084243609,-0.18637786,0.084131451,0.4049605139,fitted scale,rms
1.85,3.6589394,1.481726,0.53083667,-0.079773438,-0.1814372,0.07967795,0.4049605139,fitted scale,rms
1.9,3.6628152,1.4832955,0.50346115,-0.07555865,-0.17664447,0.075477915,0.4049605139,fitted scale,rms
1.95,3.6664872,1.4847825,0.47757122,-0.071582805,-0.17199395,0.071515113,0.4049605139,fitted scale,rms
2,3.6699667,1.4861916,0.45307884,-0.067830707,-0.16748024,0.067774529,0.4049605139,fitted scale,rms
2.05,3.6732646,1.4875271,0.4299019,-0.06428829,-0.16309825,0.064242263,0.4049605139,fitted scale,rms
2.1,3.6763909,1.4887932,0.40796379,-0.060942522,-0.15884312,0.060905427,0.4049605139,fitted scale,rms
2.15,3.6793552,1.4899936,0.38719297,-0.057781308,-0.15471028,0.05775206,0.4049605139,fitted scale,rms
2.2,3.6821662,1.4911319,0.36752254,-0.054793419,-0.15069535,0.054771049,0.4049605139,fitted scale,rms
2.25,3.6848323,1.4922116,0.34888993,-0.051968412,-0.1467942,0.051952056,0.4049605139,fitted scale,rms
2.3,3.6873614,1.4932358,0.33123655,-0.049296566,-0.14300289,0.049285454,0.4049605139,fitted scale,rms
2.35,3.6897608,1.4942074,0.31450748,-0.046768826,-0.13931767,0.046762272,0.4049605139,fitted scale,rms
2.4,3.6920376,1.4951294,0.29865125,-0.044376744,-0.13573496,0.04437414,0.4049605139,fitted scale,rms
2.45,3.6941982,1.4960044,0.28361955,-0.042112438,-0.13225135,0.04211324,0.4049605139,fitted scale,rms
2.5,3.6962489,1.4968349,0.26936701,-0.039968541,-0.12886358,0.039972268,0.4049605139,fitted scale,rms
2.55,3.6981955,1.4976231,0.25585101,-0.037938166,-0.12556855,0.03794439,0.4049605139,fitted scale,rms
2.6,3.7000433,1.4983715,0.24303149,-0.036014867,-0.12236326,0.036023209,0.4049605139,fitted scale,rms
2.65,3.7017978,1.4990819,0.23087075,-0.034192607,-0.11924488,0.034202731,0.4049605139,fitted scale,rms
2.7,3.7034636,1.4997565,0.21933332,-0.032465728,-0.11621067,0.032477338,0.4049605139,fitted scale,rms
2.75,3.7050455,1.5003971,0.2083858,-0.030828924,-0.11325801,0.030841758,0.4049605139,fitted scale,rms
2.8,3.7065478,1.5010055,0.19799671,-0.029277214,-0.1103844,0.029291041,0.4049605139,fitted scale,rms
2.85,3.7079746,1.5015833,0.18813639,-0.027805922,-0.10758743,0.027820538,0.4049605139,fitted scale,rms
2.9,3.7093299,1.5021321,0.17877687,-0.026410651,-0.10486476,0.026425878,0.4049605139,fitted scale,rms
2.95,3.7106172,1.5026534,0.16989176,-0.02508727,-0.10221419,0.025102952,0.4049605139,fitted scale,rms
3,3.7118401,1.5031487,0.16145616,-0.02383189,-0.099633571,0.02384789,0.4049605139,fitted scale,rms
3.05,3.713002,1.5036192,0.15344654,-0.022640852,-0.097120836,0.022657051,0.4049605139,fitted scale,rms
3.1,3.7141059,1.5040662,0.14584071,-0.021510709,-0.094674003,0.021527004,0.4049605139,fitted scale,rms
3.15,3.7151547,1.504491,0.13861768,-0.020438214,-0.09229116,0.020454516,0.4049605139,fitted scale,rms
3.2,3.7161513,1.5048945,0.13175762,-0.019420306,-0.089970462,0.019436538,0.4049605139,fitted scale,rms
3.25,3.7170983,1.5052781,0.12524178,-0.018454098,-0.087710131,0.018470194,0.4049605139,fitted scale,rms
3.3,3.7179983,1.5056425,0.11905243,-0.017536866,-0.08550845,0.01755277,0.4049605139,fitted scale,rms
3.35,3.7188536,1.5059889,0.1131728,-0.01666604,-0.083363763,0.016681705,0.4049605139,fitted scale,rms
3.4,3.7196665,1.5063181,0.10758701,-0.015839192,-0.081274468,0.01585458,0.4049605139,fitted scale,rms
3.45,3.7204391,1.5066309,0.10228005,-0.015054031,-0.079239019,0.015069107,0.4049605139,fitted scale,rms
3.5,3.7211734,1.5069283,0.097237692,-0.01430839,-0.07725592,0.014323129,0.4049605139,fitted scale,rms
3.55,3.7218714,1.507211,0.092446472,-0.013600222,-0.075323726,0.013614602,0.4049605139,fitted scale,rms
3.6,3.7225349,1.5074796,0.087893635,-0.012927591,-0.073441038,0.012941595,0.4049605139,fitted scale,rms
3.65,3.7231656,1.507735,0.083567098,-0.012288668,-0.071606502,0.012302283,0.4049605139,fitted scale,rms
3.7,3.7237651,1.5079778,0.079455412,-0.011681719,-0.069818806,0.011694937,0.4049605139,fitted scale,rms
3.75,3.724335,1.5082086,0.075547726,-0.011105107,-0.068076682,0.011117921,0.4049605139,fitted scale,rms
3.8,3.7248769,1.5084281,0.071833756,-0.010557281,-0.0663789,0.010569688,0.4049605139,fitted scale,rms
3.85,3.725392,1.5086367,0.06830375,-0.010036772,-0.064724268,0.010048772,0.4049605139,fitted scale,rms
3.9,3.7258818,1.508835,0.064948464,-0.0095421903,-0.063111631,0.0095537835,0.4049605139,fitted scale,rms
3.95,3.7263474,1.5090236,0.061759129,-0.0090722187,-0.061539868,0.009083408,0.4049605139,fitted scale,rms
4,3.7267901,1.5092028,0.058727429,-0.0086256096,-0.060007895,0.0086363994,0.4049605139,fitted scale,rms
4.05,3.727211,1.5093733,0.055845474,-0.008201181,-0.058514656,0.0082115769,0.4049605139,fitted scale,rms
4.1,3.7276113,1.5095354,0.05310578,-0.0077978125,-0.057059129,0.0078078212,0.4049605139,fitted scale,rms
4.15,3.7279918,1.5096895,0.050501244,-0.0074144423,-0.055640322,0.0074240713,0.4049605139,fitted scale,rms
4.2,3.7283537,1.509836,0.048025126,-0.0070500637,-0.054257272,0.007059321,0.4049605139,fitted scale,rms
4.25,3.7286977,1.5099754,0.045671029,-0.006703722,-0.052909042,0.0067126165,0.4049605139,fitted scale,rms
4.3,3.7290249,1.5101079,0.04343288,-0.0063745119,-0.051594724,0.0063830529,0.4049605139,fitted scale,rms
4.35,3.7293361,1.5102338,0.041304917,-0.0060615748,-0.050313435,0.0060697719,0.4049605139,fitted scale,rms
4.4,3.7296319,1.5103537,0.039281666,-0.0057640962,-0.049064319,0.0057719592,0.4049605139,fitted scale,rms
4.45,3.7299132,1.5104676,0.03735793,-0.0054813032,-0.047846541,0.0054888422,0.4049605139,fitted scale,rms
4.5,3.7301808,1.5105759,0.035528777,-0.0052124626,-0.046659292,0.0052196878,0.4049605139,fitted scale,rms
4.55,3.7304352,1.510679,0.03378952,-0.0049568785,-0.045501784,0.0049637999,0.4049605139,fitted scale,rms
4.6,3.7306772,1.5107769,0.032135708,-0.0047138904,-0.044373252,0.0047205184,0.4049605139,fitted scale,rms
4.65,3.7309073,1.5108701,0.030563116,-0.0044828715,-0.043272953,0.0044892161,0.4049605139,fitted scale,rms
4.7,3.7311261,1.5109587,0.029067728,-0.0042632266,-0.042200161,0.0042692979,0.4049605139,fitted scale,rms
4.75,3.7313342,1.511043,0.027645731,-0.0040543908,-0.041154174,0.0040601986,0.4049605139,fitted scale,rms
4.8,3.7315321,1.5111232,0.0262935,-0.0038558276,-0.040134306,0.0038613817,0.4049605139,fitted scale,rms
4.85,3.7317203,1.5111994,0.025007594,-0.0036670276,-0.039139892,0.0036723375,0.4049605139,fitted scale,rms
4.9,3.7318993,1.5112719,0.023784742,-0.0034875071,-0.038170282,0.0034925822,0.4049605139,fitted scale,rms
4.95,3.7320696,1.5113408,0.022621837,-0.0033168066,-0.037224847,0.0033216561,0.4049605139,fitted scale,rms
5,3.7322315,1.5114064,0.021515925,-0.0031544898,-0.036302972,0.0031591226,0.4049605139,fitted scale,rms
5.05,3.7323855,1.5114688,0.0204642,-0.0030001423,-0.035404061,0.0030045671,0.4049605139,fitted scale,rms
5.1,3.732532,1.5115281,0.019463996,-0.0028533702,-0.034527531,0.0028575954,0.4049605139,fitted scale,rms
5.15,3.7326713,1.5115845,0.018512777,-0.0027137996,-0.033672816,0.0027178334,0.4049605139,fitted scale,rms
5.2,3.7328038,1.5116381,0.017608136,-0.0025810751,-0.032839365,0.0025849254,0.4049605139,fitted scale,rms
5.25,3.7329298,1.5116892,0.016747783,-0.002454859,-0.032026641,0.0024585336,0.4049605139,fitted scale,rms
5.3,3.7330496,1.5117377,0.015929542,-0.0023348306,-0.031234123,0.0023383368,0.4049605139,fitted scale,rms
5.35,3.7331636,1.5117838,0.015151345,-0.002220685,-0.0304613,0.0022240301,0.4049605139,fitted scale,rms
5.4,3.733272,1.5118278,0.014411225,-0.0021121326,-0.029707678,0.0021153234,0.4049605139,fitted scale,rms
5.45,3.7333751,1.5118695,0.013707314,-0.002008898,-0.028972773,0.0020119412,0.4049605139,fitted scale,rms
5.5,3.7334732,1.5119092,0.013037834,-0.0019107196,-0.028256116,0.0019136217,0.4049605139,fitted scale,rms
5.55,3.7335665,1.511947,0.012401098,-0.0018173489,-0.027557248,0.001820116,0.4049605139,fitted scale,rms
5.6,3.7336552,1.5119829,0.011795499,-0.0017285494,-0.026875724,0.0017311876,0.4049605139,fitted scale,rms
5.65,3.7337396,1.5120171,0.011219511,-0.0016440966,-0.026211108,0.0016466115,0.4049605139,fitted scale,rms
5.7,3.7338199,1.5120496,0.010671682,-0.0015637769,-0.025562979,0.0015661741,0.4049605139,fitted scale,rms
5.75,3.7338962,1.5120805,0.010150633,-0.0014873875,-0.024930921,0.0014896721,0.4049605139,fitted scale,rms
5.8,3.7339688,1.5121099,0.0096550509,-0.0014147353,-0.024314535,0.0014169126,0.4049605139,fitted scale,rms
5.85,3.7340379,1.5121379,0.0091836895,-0.0013456371,-0.023713429,0.0013477118,0.4049605139,fitted scale,rms
5.9,3.7341036,1.5121645,0.0087353623,-0.0012799184,-0.02312722,0.0012818952,0.4049605139,fitted scale,rms
5.95,3.7341661,1.5121898,0.0083089416,-0.0012174136,-0.022555536,0.0012192969,0.4049605139,fitted scale,rms
6,3.7342255,1.5122139,0.007903355,-0.001157965,-0.021998016,0.0011597591,0.4049605139,fitted scale,rms
6.05,3.7342821,1.5122368,0.0075175829,-0.0011014229,-0.021454306,0.0011031319,0.4049605139,fitted scale,rms
6.1,3.7343359,1.5122586,0.0071506558,-0.0010476447,-0.020924063,0.0010492726,0.4049605139,fitted scale,rms
6.15,3.734387,1.5122793,0.0068016515,-0.00099649525,-0.020406949,0.00099804574,0.4049605139,fitted scale,rms
6.2,3.7344357,1.512299,0.0064696934,-0.0009478456,-0.019902639,0.00094932228,0.4049605139,fitted scale,rms
6.25,3.7344819,1.5123177,0.0061539477,-0.00090157339,-0.019410814,0.00090297967,0.4049605139,fitted scale,rms
6.3,3.734526,1.5123356,0.0058536215,-0.00085756221,-0.018931163,0.00085890138,0.4049605139,fitted scale,rms
6.35,3.7345678,1.5123525,0.005567961,-0.00081570138,-0.018463383,0.00081697657,0.4049605139,fitted scale,rms
6.4,3.7346077,1.5123686,0.0052962491,-0.00077588566,-0.018007179,0.00077709986,0.4049605139,fitted scale,rms
6.45,3.7346455,1.512384,0.0050378039,-0.00073801496,-0.017562264,0.00073917103,0.4049605139,fitted scale,rms
6.5,3.7346816,1.5123986,0.004791977,-0.00070199412,-0.017128357,0.0007030948,0.4049605139,fitted scale,rms
6.55,3.7347158,1.5124124,0.0045581515,-0.00066773266,-0.016705184,0.00066878054,0.4049605139,fitted scale,rms
6.6,3.7347485,1.5124257,0.0043357411,-0.0006351445,-0.016292478,0.00063614209,0.4049605139,fitted scale,rms
6.65,3.7347795,1.5124382,0.004124188,-0.00060414783,-0.015889981,0.0006050975,0.4049605139,fitted scale,rms
6.7,3.734809,1.5124502,0.0039229616,-0.00057466482,-0.015497439,0.00057556883,0.4049605139,fitted scale,rms
6.75,3.734837,1.5124615,0.0037315575,-0.00054662146,-0.015114604,0.00054748198,0.4049605139,fitted scale,rms
6.8,3.7348637,1.5124723,0.0035494957,-0.00051994737,-0.014741236,0.00052076647,0.4049605139,fitted scale,rms
6.85,3.7348891,1.5124826,0.0033763201,-0.00049457563,-0.0143771,0.00049535527,0.4049605139,fitted scale,rms
6.9,3.7349132,1.5124924,0.0032115965,-0.00047044258,-0.014021967,0.00047118463,0.4049605139,fitted scale,rms
6.95,3.7349362,1.5125017,0.0030549121,-0.00044748768,-0.013675614,0.00044819395,0.4049605139,fitted scale,rms
7,3.7349581,1.5125105,0.0029058743,-0.00042565337,-0.013337823,0.00042632555,0.4049605139,fitted scale,rms
7.05,3.7349788,1.512519,0.0027641098,-0.00040488489,-0.013008382,0.00040552462,0.4049605139,fitted scale,rms
7.1,3.7349986,1.512527,0.0026292633,-0.00038513016,-0.012687085,0.00038573899,0.4049605139,fitted scale,rms
7.15,3.7350174,1.5125346,0.0025009972,-0.00036633968,-0.012373729,0.00036691908,0.4049605139,fitted scale,rms
7.2,3.7350353,1.5125418,0.00237899,-0.00034846632,-0.012068117,0.00034901771,0.4049605139,fitted scale,rms
7.25,3.7350523,1.5125487,0.0022629362,-0.00033146531,-0.011770059,0.00033199003,0.4049605139,fitted scale,rms
7.3,3.7350685,1.5125553,0.0021525452,-0.00031529402,-0.011479367,0.00031579335,0.4049605139,fitted scale,rms
7.35,3.7350839,1.5125615,0.0020475405,-0.00029991195,-0.011195858,0.0003003871,0.4049605139,fitted scale,rms
7.4,3.7350985,1.5125674,0.0019476593,-0.00028528054,-0.010919356,0.00028573268,0.4049605139,fitted scale,rms
7.45,3.7351125,1.5125731,0.0018526513,-0.00027136315,-0.010649685,0.00027179339,0.4049605139,fitted scale,rms
7.5,3.7351257,1.5125784,0.0017622788,-0.0002581249,-0.010386678,0.00025853429,0.4049605139,fitted scale,rms
7.55,3.7351383,1.5125835,0.0016763155,-0.00024553265,-0.010130169,0.00024592219,0.4049605139,fitted scale,rms
7.6,3.7351503,1.5125884,0.0015945462,-0.00023355485,-0.0098799981,0.0002339255,0.4049605139,fitted scale,rms
7.65,3.7351617,1.512593,0.0015167662,-0.0002221615,-0.0096360078,0.00022251417,0.4049605139,fitted scale,rms
7.7,3.7351726,1.5125974,0.0014427808,-0.00021132407,-0.0093980453,0.00021165963,0.4049605139,fitted scale,rms
7.75,3.7351829,1.5126016,0.0013724049,-0.00020101542,-0.0091659618,0.0002013347,0.4049605139,fitted scale,rms
7.8,3.7351927,1.5126056,0.0013054623,-0.00019120975,-0.0089396116,0.00019151353,0.4049605139,fitted scale,rms
7.85,3.735202,1.5126093,0.0012417854,-0.0001818825,-0.0087188531,0.00018217154,0.4049605139,fitted scale,rms
7.9,3.7352109,1.5126129,0.0011812149,-0.00017301032,-0.0085035479,0.00017328532,0.4049605139,fitted scale,rms
7.95,3.7352194,1.5126164,0.0011235992,-0.000164571,-0.0082935612,0.00016483264,0.4049605139,fitted scale,rms
8,3.7352274,1.5126196,0.0010687941,-0.00015654342,-0.0080887615,0.00015679234,0.4049605139,fitted scale,rms
8.05,3.735235,1.5126227,0.0010166625,-0.00014890747,-0.0078890205,0.0001491443,0.4049605139,fitted scale,rms
8.1,3.7352423,1.5126256,0.00096707401,-0.00014164405,-0.0076942133,0.00014186937,0.4049605139,fitted scale,rms
8.15,3.7352492,1.5126284,0.00091990445,-0.00013473498,-0.0075042178,0.00013494935,0.4049605139,fitted scale,rms
8.2,3.7352558,1.5126311,0.00087503583,-0.00012816296,-0.0073189151,0.00012836691,0.4049605139,fitted scale,rms
8.25,3.7352621,1.5126336,0.0008323559,-0.00012191155,-0.0071381892,0.00012210559,0.4049605139,fitted scale,rms
8.3,3.735268,1.5126361,0.00079175787,-0.00011596511,-0.0069619269,0.0001161497,0.4049605139,fitted scale,rms
8.35,3.7352737,1.5126384,0.00075314016,-0.00011030875,-0.006790018,0.00011048436,0.4049605139,fitted scale,rms
8.4,3.7352791,1.5126405,0.00071640617,-0.00010492831,-0.0066223549,0.00010509539,0.4049605139,fitted scale,rms
8.45,3.7352842,1.5126426,0.00068146399,-9.9810345e-05,-0.0064588326,9.9969291e-05,0.4049605139,fitted scale,rms
8.5,3.7352891,1.5126446,0.00064822622,-9.4942036e-05,-0.0062993489,9.5093247e-05,0.4049605139,fitted scale,rms
8.55,3.7352937,1.5126465,0.00061660969,-9.0311204e-05,-0.0061438038,9.0455058e-05,0.4049605139,fitted scale,rms
8.6,3.7352981,1.5126482,0.00058653533,-8.5906264e-05,-0.0059921002,8.6043117e-05,0.4049605139,fitted scale,rms
8.65,3.7353023,1.5126499,0.0005579279,-8.1716195e-05,-0.005844143,8.1846386e-05,0.4049605139,fitted scale,rms
8.7,3.7353063,1.5126516,0.00053071584,-7.7730513e-05,-0.0056998398,7.7854367e-05,0.4049605139,fitted scale,rms
8.75,3.7353101,1.5126531,0.00050483107,-7.3939247e-05,-0.0055591002,7.4057071e-05,0.4049605139,fitted scale,rms
8.8,3.7353137,1.5126546,0.00048020886,-7.0332912e-05,-0.0054218362,7.0445e-05,0.4049605139,fitted scale,rms
8.85,3.7353171,1.5126559,0.00045678762,-6.6902486e-05,-0.005287962,6.7009117e-05,0.4049605139,fitted scale,rms
8.9,3.7353204,1.5126573,0.00043450875,-6.3639388e-05,-0.0051573937,6.3740826e-05,0.4049605139,fitted scale,rms
8.95,3.7353235,1.5126585,0.00041331654,-6.0535455e-05,-0.0050300498,6.0631953e-05,0.4049605139,fitted scale,rms
9,3.7353265,1.5126597,0.00039315798,-5.7582921e-05,-0.0049058505,5.767472e-05,0.4049605139,fitted scale,rms
9.05,3.7353293,1.5126609,0.00037398264,-5.4774402e-05,-0.0047847182,5.486173e-05,0.4049605139,fitted scale,rms
9.1,3.735332,1.5126619,0.00035574257,-5.2102872e-05,-0.0046665771,5.2185946e-05,0.4049605139,fitted scale,rms
9.15,3.7353345,1.512663,0.00033839215,-4.9561648e-05,-0.0045513534,4.9640676e-05,0.4049605139,fitted scale,rms
9.2,3.7353369,1.512664,0.00032188799,-4.7144375e-05,-0.004438975,4.7219552e-05,0.4049605139,fitted scale,rms
9.25,3.7353392,1.5126649,0.00030618879,-4.4845004e-05,-0.0043293716,4.491652e-05,0.4049605139,fitted scale,rms
9.3,3.7353414,1.5126658,0.00029125531,-4.2657786e-05,-0.0042224746,4.2725818e-05,0.4049605139,fitted scale,rms
9.35,3.7353435,1.5126666,0.00027705018,-4.057725e-05,-0.0041182173,4.0641967e-05,0.4049605139,fitted scale,rms
9.4,3.7353455,1.5126674,0.00026353789,-3.8598191e-05,-0.0040165343,3.8659755e-05,0.4049605139,fitted scale,rms
9.45,3.7353474,1.5126682,0.00025068464,-3.671566e-05,-0.0039173622,3.6774224e-05,0.4049605139,fitted scale,rms
9.5,3.7353492,1.5126689,0.00023845828,-3.4924949e-05,-0.0038206389,3.4980658e-05,0.4049605139,fitted scale,rms
9.55,3.7353509,1.5126696,0.00022682824,-3.3221577e-05,-0.003726304,3.3274572e-05,0.4049605139,fitted scale,rms
9.6,3.7353525,1.5126703,0.00021576544,-3.1601286e-05,-0.0036342984,3.1651699e-05,0.4049605139,fitted scale,rms
9.65,3.735354,1.5126709,0.00020524219,-3.0060023e-05,-0.0035445647,3.0107979e-05,0.4049605139,fitted scale,rms
9.7,3.7353555,1.5126715,0.0001952322,-2.8593933e-05,-0.0034570466,2.8639551e-05,0.4049605139,fitted scale,rms
9.75,3.7353569,1.512672,0.00018571041,-2.7199349e-05,-0.0033716896,2.7242744e-05,0.4049605139,fitted scale,rms
9.8,3.7353582,1.5126726,0.00017665303,-2.5872784e-05,-0.0032884402,2.5914064e-05,0.4049605139,fitted scale,rms
9.85,3.7353595,1.5126731,0.0001680374,-2.461092e-05,-0.0032072464,2.4650188e-05,0.4049605139,fitted scale,rms
9.9,3.7353607,1.5126736,0.00015984198,-2.3410601e-05,-0.0031280574,2.3447955e-05,0.4049605139,fitted scale,rms
9.95,3.7353618,1.512674,0.00015204626,-2.2268825e-05,-0.0030508238,2.2304358e-05,0.4049605139,fitted scale,rms
10,3.7353629,1.5126745,0.00014463076,-2.1182736e-05,-0.0029754971,2.1746852e-05,0.4049605139,fitted scale,rms
