T,E_mean,E_std,Rg_back_mean,Rg_back_std,Rg_full_mean,Rg_full_std,C_mean,C_std
1.0,nan,nan,nan,nan,nan,nan,nan,nan
1.1052631578947367,nan,nan,nan,nan,nan,nan,nan,nan
1.2105263157894737,nan,nan,nan,nan,nan,nan,nan,nan
1.3157894736842106,nan,nan,nan,nan,nan,nan,nan,nan
1.4210526315789473,nan,nan,nan,nan,nan,nan,nan,nan
1.526315789473684,nan,nan,nan,nan,nan,nan,nan,nan
1.631578947368421,nan,nan,nan,nan,nan,nan,nan,nan
1.736842105263158,nan,nan,nan,nan,nan,nan,nan,nan
1.8421052631578947,nan,nan,nan,nan,nan,nan,nan,nan
1.9473684210526314,nan,nan,nan,nan,nan,nan,nan,nan
2.052631578947368,nan,nan,nan,nan,nan,nan,nan,nan
2.1578947368421053,nan,nan,nan,nan,nan,nan,nan,nan
2.263157894736842,nan,nan,nan,nan,nan,nan,nan,nan
2.3684210526315788,nan,nan,nan,nan,nan,nan,nan,nan
2.473684210526316,nan,nan,nan,nan,nan,nan,nan,nan
2.5789473684210527,nan,nan,nan,nan,nan,nan,nan,nan
2.6842105263157894,nan,nan,nan,nan,nan,nan,nan,nan
2.789473684210526,nan,nan,nan,nan,nan,nan,nan,nan
2.894736842105263,nan,nan,nan,nan,nan,nan,nan,nan
3.0,nan,nan,nan,nan,nan,nan,nan,nan
