offset,temp_index,temperature,mass_below,mass_inside_positive,mass_internal_gap,mass_above,total_unsupported,geometric_support,positive_support,mass_negative,target_mean_shifted,target_std_shifted,rg_mass_below,rg_mass_inside,rg_mass_internal_gap,rg_mass_above,rg_total_unsupported
43,0,280,0.0001673665632,0.9959759753,0.003706028239,0.0001506299069,0.004024024709,0.9996820035,0.9959759753,0.0001673665632,8.984389264,5.885853904,0,1,0,0,0
43,1,281.119,0.0002130119895,0.9955461475,0.004090210578,0.0001506299069,0.004453852474,0.9996363581,0.9955461475,0.0002130119895,9.245772473,5.951508461,0,1,0,0,0
43,2,282.243,0.0002681668797,0.9951509342,0.004109609884,0.0004712890268,0.00484906579,0.9992605441,0.9951509342,0.0002681668797,9.307776459,6.036969912,0,1,0,0,0
43,3,283.371,0.0004317296574,0.9938135232,0.004722019354,0.001032727771,0.006186476782,0.9985355426,0.9938135232,0.0004317296574,9.500424122,6.144573653,0,1,0,0,0
43,4,284.504,0.0003499482685,0.9933795113,0.00520928428,0.001061256162,0.00662048871,0.9985887956,0.9933795113,0.0003499482685,9.659105502,6.208575919,0,1,0,0,0
43,5,285.641,0.0003233217698,0.9925308867,0.005625798795,0.001519992697,0.007469113262,0.9981566855,0.9925308867,0.0003233217698,9.834191087,6.267437365,0,1,0,0,0
43,6,286.783,0.0001312306007,0.990412939,0.00708569168,0.002370138762,0.009587061043,0.9974986306,0.990412939,0.0001312306007,10.00332032,6.406480106,0,1,9.129085266e-05,0,9.129085266e-05
43,7,287.929,0.0004241220863,0.9879952529,0.008905803055,0.002674821983,0.01200474712,0.9969010559,0.9879952529,0.0004241220863,10.21586255,6.532213825,0,1,9.129085266e-05,0,9.129085266e-05
43,8,289.08,0.0002605593086,0.9865456302,0.009684818331,0.003508992149,0.01345436979,0.9962304485,0.9865456302,0.0002605593086,10.39969494,6.676256808,0,1,8.871872162e-05,0,8.871872162e-05
43,9,290.235,0.0009205160976,0.9857753636,0.009354649747,0.003949470513,0.01422463636,0.9951300134,0.9857753636,0.0009205160976,10.52441992,6.743362943,0,1,9.129085266e-05,0,9.129085266e-05
43,10,291.395,0.0005059034751,0.9848031161,0.01054409348,0.004146886982,0.01519688394,0.9953472095,0.9848031161,0.0005059034751,10.66035238,6.768647163,0,1,0.0002264091889,0,0.0002264091889
43,11,292.56,0.0006181151482,0.9853132037,0.01069776642,0.003370914734,0.0146867963,0.9960109701,0.9853132037,0.0006181151482,10.742928,6.800130897,0,1,8.947290994e-05,0,8.947290994e-05
43,12,293.729,0.000490688333,0.9834550545,0.0121949364,0.003859320796,0.01654494553,0.9956499909,0.9834550545,0.000490688333,10.80745694,6.819726365,0,1,0.0001330780824,0,0.0001330780824
43,13,294.903,0.0007455419634,0.9818875145,0.01305116852,0.004315775059,0.01811248555,0.994938683,0.9818875145,0.0007455419634,10.91321815,6.872838268,0,1,0.0002700143614,0,0.0002700143614
43,14,296.082,0.0006808776094,0.9800860416,0.0128210395,0.006412041263,0.01991395837,0.9929070811,0.9800860416,0.0006808776094,11.13718124,6.99709674,0,1,0.000766969789,0,0.000766969789
43,15,297.266,0.0006067037916,0.9776790061,0.01499528331,0.006719006756,0.02232099385,0.9926742895,0.9776790061,0.0006067037916,11.28130401,7.074781833,0,1,0.0008582606416,0,0.0008582606416
43,16,298.454,0.0009832785588,0.9775200079,0.0146441939,0.006852519628,0.02247999209,0.9921642018,0.9775200079,0.0009832785588,11.4622364,7.142156529,0,1,0.0005831020181,0,0.0005831020181
43,17,299.647,0.0007721684621,0.9746025044,0.01739280932,0.007232517802,0.02539749559,0.9919953137,0.9746025044,0.0007721684621,11.60946458,7.205681198,0,1,0.0003182319188,0,0.0003182319188
43,18,300.845,0.0008729687785,0.9715412178,0.02050506664,0.007080746759,0.02845878218,0.9920462845,0.9715412178,0.0008729687785,11.84358225,7.331411717,0,1,0.0006821092639,0,0.0006821092639
43,19,302.047,0.001000395594,0.9694415282,0.02196381839,0.007594257805,0.03055847179,0.9914053466,0.9694415282,0.001000395594,12.03045767,7.415025109,0,1,0.0005882462802,0,0.0005882462802
43,20,303.254,0.0008197157811,0.967774329,0.0232034721,0.008202483111,0.03222567099,0.9909778011,0.967774329,0.0008197157811,12.26913418,7.495021754,0,1,0.0004500239357,0,0.0004500239357
43,21,304.467,0.0006143113627,0.9672425598,0.02230996288,0.009833165967,0.0327574402,0.9895525227,0.9672425598,0.0006143113627,12.37867027,7.529680871,0,1,0.0004951374848,0,0.0004951374848
43,22,305.683,0.0007892854969,0.9649329012,0.02446290548,0.009814907796,0.03506709878,0.9893958067,0.9649329012,0.0007892854969,12.57566604,7.635572302,0,1,0.0004969554275,0,0.0004969554275
43,23,306.905,0.0002225214534,0.9647974865,0.02402052523,0.01095946686,0.03520251354,0.9888180117,0.9647974865,0.0002225214534,12.58901771,7.634568666,0,1,0.0002256550006,0,0.0002256550006
43,24,308.132,0.0001844835981,0.9630663837,0.0248048658,0.01194426693,0.03693361633,0.9878712495,0.9630663837,0.0001844835981,12.6806258,7.603782944,0,1,0.0004513100012,0,0.0004513100012
43,25,309.364,0.0004773750837,0.9593664415,0.02446899154,0.01568719189,0.04063355852,0.983835433,0.9593664415,0.0004773750837,12.83944221,7.734279196,0,1,0.0001338322707,0,0.0001338322707
43,26,310.6,0.0002567555231,0.9619408435,0.02344006756,0.01436233339,0.03805915647,0.9853809111,0.9619408435,0.0002567555231,12.76016562,7.642785073,0,1,0.0006707569853,0,0.0006707569853
43,27,311.842,0.0001559552066,0.9604162863,0.02542944739,0.01399831112,0.03958371371,0.9858457337,0.9604162863,0.0001559552066,12.94496911,7.659205561,0,1,0.0002233051807,0,0.0002233051807
43,28,313.088,4.754731909e-05,0.9564789879,0.0275557635,0.0159177013,0.04352101211,0.9840347514,0.9564789879,4.754731909e-05,13.29451342,7.823136992,0,1,0.0003638773451,0,0.0003638773451
43,29,314.34,0.0005344318666,0.9526306981,0.0283644483,0.01847042176,0.04736930193,0.9809951464,0.9526306981,0.0005344318666,13.48962746,7.826427693,0,1,0.001173388552,0,0.001173388552
43,30,315.596,0.0004792769764,0.9499395198,0.03056760088,0.01901360234,0.05006048019,0.9805071207,0.9499395198,0.0004792769764,13.67276528,7.874912808,0,1,0.0007187522316,0,0.0007187522316
43,31,316.858,0.0004222201935,0.9494066095,0.02776268943,0.02240848092,0.05059339054,0.9771692989,0.9494066095,0.0004222201935,13.82906092,7.933302338,0,1,0.0003556290748,0,0.0003556290748
43,32,318.124,7.417381778e-05,0.9465648013,0.03043675065,0.02292427424,0.05343519871,0.9770015519,0.9465648013,7.417381778e-05,14.07046361,7.976285166,0,1,0.0002217968041,0,0.0002217968041
43,33,319.396,0.0002130119895,0.9407297943,0.03264903232,0.0264081614,0.05927020571,0.9733788266,0.9407297943,0.0002130119895,14.0994728,8.153841928,0,1,0.000313841845,0,0.000313841845
43,34,320.672,0.0003955936948,0.9385757105,0.03430786319,0.02672083257,0.06142428945,0.9728835737,0.9385757105,0.0003955936948,14.24691703,8.192300263,0,1,0.0003594872714,0,0.0003594872714
43,35,321.954,0.0001844835981,0.9362774633,0.03465476843,0.02888328464,0.06372253667,0.9709322318,0.9362774633,0.0001844835981,14.38153528,8.241808699,0,1,0.0009420574123,0,0.0009420574123
43,36,323.241,9.319274542e-05,0.9349799921,0.03541932932,0.02950748585,0.06502000791,0.9703993214,0.9349799921,9.319274542e-05,14.5871219,8.239860614,0,1,0.0008076932643,0,0.0008076932643
43,37,324.533,0.0002016006329,0.9330469083,0.03738892946,0.02936256162,0.06695309172,0.9704358377,0.9330469083,0.0002016006329,14.56646811,8.206063656,0,1,0.0009374450274,0,0.0009374450274
43,38,325.83,0.0002871858073,0.9270087791,0.0394136845,0.03329035056,0.07299122086,0.9664224636,0.9270087791,0.0002871858073,14.80466496,8.336916809,0,1,0.0008064071988,0,0.0008064071988
43,39,327.132,0.0005325299738,0.9242038677,0.03939542633,0.03586817601,0.07579613231,0.963599294,0.9242038677,0.0005325299738,14.92632904,8.411982795,0,1,0.00183771521,0,0.00183771521
43,40,328.44,0.0002130119895,0.9224963484,0.04057231757,0.03671832207,0.07750365163,0.9630686659,0.9224963484,0.0002130119895,15.05278513,8.376984853,0,1,0.002329748687,0,0.002329748687
43,41,329.753,0.0003119104132,0.9165593999,0.04328593817,0.03984275151,0.08344060009,0.9598453381,0.9165593999,0.0003119104132,15.26595992,8.500750596,0,1,0.002955169812,0,0.002955169812
43,42,331.071,0.0002567555231,0.9163056874,0.04308814132,0.04034941574,0.08369431258,0.9593938287,0.9163056874,0.0002567555231,15.46511396,8.448258273,0,1,0.002551323179,0,0.002551323179
43,43,332.394,0.0003480463758,0.9101865376,0.04800681638,0.0414585996,0.08981346236,0.958193354,0.9101865376,0.0003480463758,15.65085737,8.585840931,0,1,0.002020074604,0,0.002020074604
43,44,333.723,0.0003936918021,0.9088502678,0.0483560039,0.04240003652,0.09114973221,0.9572062717,0.9088502678,0.0003936918021,15.79094471,8.563397097,0,1,0.001704946694,0,0.001704946694
43,45,335.057,0.0002111100968,0.9095436979,0.04685464975,0.04339054227,0.09045630211,0.9563983476,0.9095436979,0.0002111100968,15.88181106,8.54875731,0,1,0.00157027298,0,0.00157027298
43,46,336.396,0.0001293287079,0.9056063995,0.04719470817,0.04706956363,0.09439360051,0.9528011077,0.9056063995,0.0001293287079,15.95942996,8.588729702,0,1,0.00228410326,0,0.00228410326
43,47,337.741,0.0001103097803,0.9001042237,0.05238383239,0.04740163411,0.09989577628,0.9524880561,0.9001042237,0.0001103097803,16.19126879,8.631271767,0,1,0.00291178695,0,0.00291178695
43,48,339.091,0.0001103097803,0.901039955,0.05193194267,0.04691779259,0.09896004504,0.9529718976,0.901039955,0.0001103097803,16.29346586,8.56974256,0,1,0.004164272633,0,0.004164272633
43,49,340.446,0.0001559552066,0.8982730814,0.05199318362,0.04957777981,0.1017269186,0.950266265,0.8982730814,0.0001559552066,16.48523066,8.563613791,0,1,0.004332842674,0,0.004332842674
43,50,341.807,0.0003119104132,0.8883737295,0.05425073033,0.05706362972,0.1116262705,0.9426244599,0.8883737295,0.0003119104132,16.6913559,8.717177612,0,1,0.004996724709,0,0.004996724709
43,51,343.173,5.705678291e-05,0.8892923437,0.05525645122,0.05539414826,0.1107076563,0.944548795,0.8892923437,5.705678291e-05,16.85042336,8.608321249,0,1,0.004836537995,0,0.004836537995
43,52,344.545,0.0001198192441,0.8834082679,0.05987957215,0.0565923407,0.1165917321,0.9432878401,0.8834082679,0.0001198192441,17.10830252,8.659076022,0,1,0.003989851943,0,0.003989851943
43,53,345.922,5.515489015e-05,0.8838947721,0.0560514424,0.05999863064,0.1161052279,0.9399462145,0.8838947721,5.515489015e-05,17.15169268,8.570412316,0,1,0.004254055109,0,0.004254055109
43,54,347.305,0.0004127107297,0.8795991571,0.05693582253,0.06305230966,0.1204008429,0.9365349796,0.8795991571,0.0004127107297,17.19845148,8.714862343,0,1,0.004198033904,0,0.004198033904
43,55,348.693,0.0001920911691,0.8763975108,0.05953875297,0.06387164506,0.1236024892,0.9359362638,0.8763975108,0.0001920911691,17.36596829,8.669867562,0,1,0.004246870593,0,0.004246870593
43,56,350.086,0.0002111100968,0.8672729901,0.06309034751,0.06942555231,0.1327270099,0.9303633376,0.8672729901,0.0002111100968,17.64202612,8.757768753,0,1,0.003795735102,0,0.003795735102
43,57,351.486,0.0001198192441,0.8721871006,0.05806554683,0.06962753332,0.1278128994,0.9302526474,0.8721871006,0.0001198192441,17.5908983,8.757365641,0,1,0.002816725156,0,0.002816725156
43,58,352.891,0.0003955936948,0.8707538342,0.05791757958,0.07093299251,0.1292461658,0.9286714138,0.8707538342,0.0003955936948,17.76414514,8.715348554,0,1,0.003137306895,0,0.003137306895
43,59,354.301,0.0002396384882,0.8691265748,0.05847635567,0.07215743108,0.1308734252,0.9276029304,0.8691265748,0.0002396384882,17.84999087,8.70353022,0,1,0.004259373881,0,0.004259373881
43,60,355.717,0.0001008003165,0.865657142,0.06293134928,0.07131070842,0.134342858,0.9285884913,0.865657142,0.0001008003165,17.9561861,8.673840029,0,1,0.002871373041,0,0.002871373041
43,61,357.139,0.0001559552066,0.8679211551,0.06125121721,0.07067167245,0.1320788449,0.9291723723,0.8679211551,0.0001559552066,17.98555512,8.649268518,0,1,0.003317316469,0,0.003317316469
43,62,358.567,8.36832816e-05,0.8712928306,0.06268638549,0.0659371006,0.1287071694,0.9339792161,0.8712928306,8.36832816e-05,17.92919177,8.589782254,0,1,0.002827767868,0,0.002827767868
43,63,360,0,0.8671866441,0.0658378218,0.06697553405,0.1328133559,0.9330244659,0.8671866441,0,18.00590271,8.545623414,0,1,0.003307472567,0,0.003307472567
44,0,280,0.003337441422,0.9938827521,0.002779806463,0,0.006117247885,0.9966625586,0.9938827521,0.003337441422,7.984389264,5.885853904,0,1,0,0,0
44,1,281.119,0.003204308928,0.9937857556,0.002925871828,8.406366015e-05,0.006214244416,0.9967116274,0.9937857556,0.003204308928,8.245772473,5.951508461,0,1,0,0,0
44,2,282.243,0.002628796178,0.9946378035,0.002428336681,0.0003050635993,0.005362196458,0.9970661402,0.9946378035,0.002628796178,8.307776459,6.036969912,0,1,0,0,0
44,3,283.371,0.003629191772,0.9924357921,0.003377761548,0.0005572545798,0.0075642079,0.9958135536,0.9924357921,0.003629191772,8.500424122,6.144573653,0,1,0,0,0
44,4,284.504,0.003278102367,0.9926271225,0.003561484389,0.0005332907309,0.007372877488,0.9961886069,0.9926271225,0.003278102367,8.659105502,6.208575919,0,1,0,0,0
44,5,285.641,0.003127092082,0.992274892,0.003903825087,0.0006941908587,0.007725108028,0.9961787171,0.992274892,0.003127092082,8.834191087,6.267437365,0,1,0,0,0
44,6,286.783,0.002776002678,0.9901938409,0.005802674822,0.00122748159,0.00980615909,0.9959965157,0.9901938409,0.002776002678,9.003320324,6.406480106,0,1,9.129085266e-05,0,9.129085266e-05
44,7,287.929,0.003629191772,0.987592432,0.007094440387,0.001683935853,0.01240756801,0.9946868724,0.987592432,0.003629191772,9.215862546,6.532213825,0,1,9.129085266e-05,0,9.129085266e-05
44,8,289.08,0.002828875297,0.9872554166,0.007554318057,0.002361390055,0.01274458341,0.9948097346,0.9872554166,0.002828875297,9.399694936,6.676256808,0,1,8.871872162e-05,0,8.871872162e-05
44,9,290.235,0.004664962571,0.9855125221,0.007979961658,0.001842553709,0.01448747794,0.9934924837,0.9855125221,0.004664962571,9.524419923,6.743362943,0,1,9.129085266e-05,0,9.129085266e-05
44,10,291.395,0.003256801169,0.9848837563,0.009329925142,0.002529517376,0.01511624369,0.9942136815,0.9848837563,0.003256801169,9.660352383,6.768647163,0,1,0.0002264091889,0,0.0002264091889
44,11,292.56,0.004264804333,0.9851823535,0.009005842615,0.001546999574,0.01481764652,0.9941881961,0.9851823535,0.004264804333,9.742928002,6.800130897,0,1,8.947290994e-05,0,8.947290994e-05
44,12,293.729,0.004229809506,0.9840632798,0.009444038707,0.00226287201,0.01593672022,0.9935073185,0.9840632798,0.004229809506,9.807456941,6.819726365,0,1,0.0001330780824,0,0.0001330780824
44,13,294.903,0.004254153734,0.9827874901,0.01049844806,0.002459908101,0.01721250989,0.9932859382,0.9827874901,0.004254153734,9.913218155,6.872838268,0,1,0.0002700143614,0,0.0002700143614
44,14,296.082,0.003667990384,0.982242788,0.01000547745,0.004083744142,0.01775721198,0.9922482655,0.982242788,0.003667990384,10.13718124,6.99709674,0,1,0.000766969789,0,0.000766969789
44,15,297.266,0.003804546284,0.979618176,0.01198420668,0.004593071024,0.02038182399,0.9916023827,0.979618176,0.003804546284,10.28130401,7.074781833,0,1,0.0008582606416,0,0.0008582606416
44,16,298.454,0.003878720102,0.9796090469,0.01192144422,0.004590788753,0.02039095308,0.9915304911,0.9796090469,0.003878720102,10.4622364,7.142156529,0,1,0.0005831020181,0,0.0005831020181
44,17,299.647,0.003580122938,0.9773286775,0.01424821983,0.004842979733,0.0226713225,0.9915768973,0.9773286775,0.003580122938,10.60946458,7.205681198,0,1,0.0003182319188,0,0.0003182319188
44,18,300.845,0.003889370702,0.976642855,0.01507896659,0.004388807741,0.02335714503,0.9917218216,0.976642855,0.003889370702,10.84358225,7.331411717,0,1,0.0006821092639,0,0.0006821092639
44,19,302.047,0.003819000669,0.9742879313,0.01681235165,0.005080716329,0.02571206865,0.991100283,0.9742879313,0.003819000669,11.03045767,7.415025109,0,1,0.0005882462802,0,0.0005882462802
44,20,303.254,0.00386084231,0.9728622725,0.01881846814,0.004458417017,0.02713772747,0.9916807407,0.9728622725,0.00386084231,11.26913418,7.495021754,0,1,0.0004500239357,0,0.0004500239357
44,21,304.467,0.0033378218,0.9733811089,0.01670622604,0.006574843284,0.02661889112,0.9900873349,0.9733811089,0.0033378218,11.37867027,7.529680871,0,1,0.0004951374848,0,0.0004951374848
44,22,305.683,0.004159439474,0.9702395624,0.01889150082,0.006709497292,0.02976043759,0.9891310632,0.9702395624,0.004159439474,11.57566604,7.635572302,0,1,0.0004969554275,0,0.0004969554275
44,23,306.905,0.002835722111,0.9701239273,0.01897366259,0.008066687968,0.02987607267,0.9890975899,0.9701239273,0.002835722111,11.58901771,7.634568666,0,1,0.0002256550006,0,0.0002256550006
44,24,308.132,0.002253362546,0.9676275029,0.02152866533,0.008590469235,0.03237249711,0.9891561682,0.9676275029,0.002253362546,11.6806258,7.603782944,0,1,0.0004513100012,0,0.0004513100012
44,25,309.364,0.002376224819,0.9663676891,0.02007828191,0.01117780415,0.03363231088,0.986445971,0.9663676891,0.002376224819,11.83944221,7.734279196,0,1,0.0001338322707,0,0.0001338322707
44,26,310.6,0.00165312519,0.9694837502,0.0186701205,0.01019300408,0.03051624977,0.9881538707,0.9694837502,0.00165312519,11.76016562,7.642785073,0,1,0.0006707569853,0,0.0006707569853
44,27,311.842,0.002509357312,0.9676780932,0.02011936279,0.009693186659,0.03232190676,0.987797456,0.9676780932,0.002509357312,11.94496911,7.659205561,0,1,0.0002233051807,0,0.0002233051807
44,28,313.088,0.00180033169,0.9640260788,0.02190752237,0.01226606719,0.03597392125,0.9859336011,0.9640260788,0.00180033169,12.29451342,7.823136992,0,1,0.0003638773451,0,0.0003638773451
44,29,314.34,0.002766112835,0.9602782089,0.02281814862,0.01413752967,0.03972179113,0.9830963575,0.9602782089,0.002766112835,12.48962746,7.826427693,0,1,0.001173388552,0,0.001173388552
44,30,315.596,0.003173117887,0.9575961597,0.02468732883,0.01454339359,0.0424038403,0.9822834885,0.9575961597,0.003173117887,12.67276528,7.874912808,0,1,0.0007187522316,0,0.0007187522316
44,31,316.858,0.001983293774,0.9560160672,0.02459147343,0.0174091656,0.04398393281,0.9806075406,0.9560160672,0.001983293774,12.82906092,7.933302338,0,1,0.0003556290748,0,0.0003556290748
44,32,318.124,0.001860051123,0.9554458797,0.02563561256,0.01705845658,0.04455412026,0.9810814923,0.9554458797,0.001860051123,13.07046361,7.976285166,0,1,0.0002217968041,0,0.0002217968041
44,33,319.396,0.002242711947,0.948777083,0.02845992332,0.02052028178,0.05122291705,0.9772370063,0.948777083,0.002242711947,13.0994728,8.153841928,0,1,0.000313841845,0,0.000313841845
44,34,320.672,0.002439367659,0.9480547441,0.02898826913,0.02051761913,0.05194525592,0.9770430132,0.9480547441,0.002439367659,13.24691703,8.192300263,0,1,0.0003594872714,0,0.0003594872714
44,35,321.954,0.002172341915,0.9458998996,0.02866875114,0.02325900736,0.05410010042,0.9745686507,0.9458998996,0.002172341915,13.38153528,8.241808699,0,1,0.0009420574123,0,0.0009420574123
44,36,323.241,0.001733765443,0.9468333485,0.02912292313,0.02230996288,0.05316665145,0.9759562717,0.9468333485,0.001733765443,13.5871219,8.239860614,0,1,0.0008076932643,0,0.0008076932643
44,37,324.533,0.001674046011,0.9445845505,0.02990345992,0.02383794352,0.05541544946,0.9744880105,0.9445845505,0.001674046011,13.56646811,8.206063656,0,1,0.0009374450274,0,0.0009374450274
44,38,325.83,0.002039209421,0.9375205404,0.03369317144,0.02674707869,0.06247945956,0.9712137119,0.9375205404,0.002039209421,13.80466496,8.336916809,0,1,0.0008064071988,0,0.0008064071988
44,39,327.132,0.002046436614,0.9368936766,0.03262849188,0.02843139492,0.06310632341,0.9695221685,0.9368936766,0.002046436614,13.92632904,8.411982795,0,1,0.00183771521,0,0.00183771521
44,40,328.44,0.001723495222,0.9346973708,0.03442235713,0.02915677682,0.06530262918,0.969119728,0.9346973708,0.001723495222,14.05278513,8.376984853,0,1,0.002329748687,0,0.002329748687
44,41,329.753,0.001786638062,0.9322416469,0.03467454811,0.03129716694,0.06775835311,0.966916195,0.9322416469,0.001786638062,14.26595992,8.500750596,0,1,0.002955169812,0,0.002955169812
44,42,331.071,0.001386479825,0.9316208691,0.0353398302,0.03165282089,0.06837913091,0.9669606993,0.9316208691,0.001386479825,14.46511396,8.448258273,0,1,0.002551323179,0,0.002551323179
44,43,332.394,0.001123257866,0.924389112,0.04078304729,0.0337045828,0.07561088796,0.9651721593,0.924389112,0.001123257866,14.65085737,8.585840931,0,1,0.002020074604,0,0.002020074604
44,44,333.723,0.00171626803,0.9239102154,0.04088803177,0.03348548475,0.07608978455,0.9647982472,0.9239102154,0.00171626803,14.79094471,8.563397097,0,1,0.001704946694,0,0.001704946694
44,45,335.057,0.00113010468,0.9226561074,0.04031860508,0.03589518289,0.07734389264,0.9629747124,0.9226561074,0.00113010468,14.88181106,8.54875731,0,1,0.00157027298,0,0.00157027298
44,46,336.396,0.001330183799,0.9224552675,0.03847909439,0.03773545432,0.07754473252,0.9609343619,0.9224552675,0.001330183799,14.95942996,8.588729702,0,1,0.00228410326,0,0.00228410326
44,47,337.741,0.000779015276,0.9173597164,0.04409005843,0.03777120991,0.08264028361,0.9614497748,0.9173597164,0.000779015276,15.19126879,8.631271767,0,1,0.00291178695,0,0.00291178695
44,48,339.091,0.000912528148,0.9184068985,0.04379336316,0.03688721015,0.08159310145,0.9622002617,0.9184068985,0.000912528148,15.29346586,8.56974256,0,1,0.004164272633,0,0.004164272633
44,49,340.446,0.00052302051,0.9135000152,0.04620001826,0.03977694602,0.08649998478,0.9597000335,0.9135000152,0.00052302051,15.48523066,8.563613791,0,1,0.004332842674,0,0.004332842674
44,50,341.807,0.001214548719,0.9071811667,0.04522548841,0.04637879618,0.0928188333,0.9524066551,0.9071811667,0.001214548719,15.6913559,8.717177612,0,1,0.004996724709,0,0.004996724709
44,51,343.173,0.001281114966,0.9078643266,0.04600830747,0.04484625099,0.09213567342,0.953872634,0.9078643266,0.001281114966,15.85042336,8.608321249,0,1,0.004836537995,0,0.004836537995
44,52,344.545,0.001112607267,0.9041598199,0.04960516706,0.04512240582,0.09584018015,0.9537649869,0.9041598199,0.001112607267,16.10830252,8.659076022,0,1,0.003989851943,0,0.003989851943
44,53,345.922,0.0007405970422,0.9052537886,0.04576524557,0.04824036882,0.09474621143,0.9510190341,0.9052537886,0.0007405970422,16.15169268,8.570412316,0,1,0.004254055109,0,0.004254055109
44,54,347.305,0.001168903293,0.8990513359,0.04782727771,0.05195248311,0.1009486641,0.9468786136,0.8990513359,0.001168903293,16.19845148,8.714862343,0,1,0.004198033904,0,0.004198033904
44,55,348.693,0.000526443917,0.8973833759,0.04979916012,0.05229102002,0.1026166241,0.9471825361,0.8973833759,0.000526443917,16.36596829,8.669867562,0,1,0.004246870593,0,0.004246870593
44,56,350.086,0.0009231787475,0.8859221898,0.05467523279,0.0584793987,0.1140778102,0.9405974226,0.8859221898,0.0009231787475,16.64202612,8.757768753,0,1,0.003795735102,0,0.003795735102
44,57,351.486,0.0009440995679,0.891349431,0.04891706226,0.05878940722,0.108650569,0.9402664932,0.891349431,0.0009440995679,16.5908983,8.757365641,0,1,0.002816725156,0,0.002816725156
44,58,352.891,0.001446199258,0.8900314193,0.05011297243,0.05840940904,0.1099685807,0.9401443917,0.8900314193,0.001446199258,16.76414514,8.715348554,0,1,0.003137306895,0,0.003137306895
44,59,354.301,0.001031967014,0.8885502252,0.05121074493,0.05920706287,0.1114497748,0.9397609701,0.8885502252,0.001031967014,16.84999087,8.70353022,0,1,0.004259373881,0,0.004259373881
44,60,355.717,0.0005089465036,0.8875076076,0.05294641227,0.05903703366,0.1124923924,0.9404540198,0.8875076076,0.0005089465036,16.9561861,8.673840029,0,1,0.002871373041,0,0.002871373041
44,61,357.139,0.0005580153369,0.8872143357,0.05460105897,0.05762658998,0.1127856643,0.9418153947,0.8872143357,0.0005580153369,16.98555512,8.649268518,0,1,0.003317316469,0,0.003317316469
44,62,358.567,0.0007090256223,0.8893208721,0.05735461932,0.05261548293,0.1106791279,0.9466754914,0.8893208721,0.0007090256223,16.92919177,8.589782254,0,1,0.002827767868,0,0.002827767868
44,63,360,0.0002035025257,0.8888412148,0.05643714625,0.05451813645,0.1111587852,0.945278361,0.8888412148,0.0002035025257,17.00590271,8.545623414,0,1,0.003307472567,0,0.003307472567
