baseline,model,temperature_index,temperature,n_seeds,ess_contacts_min,ess_contacts_median,ess_contacts_total,tau_contacts_max,ess_rg_min,ess_rg_median,tau_rg_max,drift_contacts_max,seed_mean_contacts_std,seed_mean_rg_std,rhat_contacts,rhat_rg
final_joint_baseline_44mer,hs,0,280.0,10,1214.1218164178824,1483.6574541839277,14389.719378878428,1.2354608736259811,1381.0549151758066,1479.4474387246455,1.0861262528500193,0.08027416682920942,0.10294041426421846,0.006633545087019299,1.0000161515759873,0.9996939001825658
final_joint_baseline_44mer,hs,1,281.119,10,1229.3748742259936,1467.192942069188,14390.903475526562,1.2201323058146851,936.0325111011533,1466.414588532803,1.6025084409038235,0.10232802396401047,0.12363187291309617,0.007233671100815617,1.0003695168056606,1.0000150227690299
final_joint_baseline_44mer,hs,2,282.243,10,1176.3871356806178,1487.229973707107,14232.255811896175,1.2750904481220382,1318.8188971498248,1469.1321733307304,1.1373813366200136,0.050435519312943954,0.0968317900049131,0.007978657312007387,0.9997998347162477,0.9999341733748971
final_joint_baseline_44mer,hs,3,283.371,10,1148.3598674087818,1431.6480530709773,13908.600825571617,1.3062107467972361,1342.190633194849,1450.7319540741132,1.1175759708809125,0.08054889017317224,0.09594723086734266,0.0069293856645492626,0.9999692220923767,0.9999448836856463
final_joint_baseline_44mer,hs,4,284.504,10,1123.7260620793506,1443.5004523270356,14024.855958598544,1.3348448973626095,1245.469511153676,1421.622554249745,1.2043650900860294,0.19544015273229157,0.06505194505589762,0.00828041606073446,1.0002908740688217,0.9999954561669053
final_joint_baseline_44mer,hs,5,285.641,10,1188.9343174211115,1385.6568324152258,13932.033130584517,1.2616340347998478,1174.586733788697,1376.905772304966,1.2770449017091003,0.08777204296430666,0.0963133774024495,0.0051563492678312565,0.9997921940745641,0.9998202479999044
final_joint_baseline_44mer,hs,6,286.783,10,1214.0056000544055,1435.2660605003994,14065.95496341827,1.2355791438958583,1144.1729660892943,1484.9328633095706,1.3109905971008025,0.09760149686534916,0.09993955951251497,0.009112160825650752,0.9999154485931585,0.9998616641777845
final_joint_baseline_44mer,hs,7,287.929,10,1201.7780742457182,1412.682188788813,13886.274350850095,1.2481505796662642,1277.736955907246,1471.1188885408656,1.1739505483230999,0.13045363157854675,0.10202100001688141,0.007990034906222455,1.0003824352902277,1.0000380095723629
final_joint_baseline_44mer,hs,8,289.08,10,1233.8019924313894,1478.76724730289,14381.47362091699,1.2157542370668635,1334.7204257213289,1461.8124482156331,1.1238308570795628,0.15967205815335986,0.10676295653872142,0.010718818904772843,1.0001289808875224,1.0001674859848648
final_joint_baseline_44mer,hs,9,290.235,10,995.6349193601873,1443.6413215972393,13933.40214468501,1.5065763271580779,1187.4402919639995,1395.4060330751558,1.2632214100795198,0.07470072988935308,0.06141317267311457,0.0071219135515317505,0.9997312519978192,1.0000281821468873
final_joint_baseline_44mer,hs,10,291.395,10,1090.9727733684117,1500.0,14053.770513456406,1.3749197382522245,1170.9773789601554,1426.6921669313454,1.2809811931055588,0.08377168458488767,0.1164639953900873,0.009524246490254674,1.000051537146178,0.9998536409069666
final_joint_baseline_44mer,hs,11,292.56,10,1239.7713256233003,1408.8936572354185,14058.439919949995,1.209900542945586,1269.130450010694,1360.1413737037346,1.181911599384729,0.07219938241693875,0.07848116546875007,0.009625525322667553,0.9996877153062647,0.9999713370807064
final_joint_baseline_44mer,hs,12,293.729,10,1323.2272475573031,1403.4380361487283,14144.161636044622,1.133592134509792,1374.0382597754458,1463.8786100233378,1.0916726585511087,0.07145594807029039,0.10224371754674089,0.010360253656737328,0.9998521078105099,0.9999886862084592
final_joint_baseline_44mer,hs,13,294.903,10,1258.3905207724772,1446.0259911464907,14142.09644229655,1.1919988073966166,1244.871977394063,1444.0979592124909,1.2049431806955813,0.1496880935605435,0.07083125487146677,0.003819796379607881,1.0000232516185965,0.9997462746010309
final_joint_baseline_44mer,hs,14,296.082,10,1124.0112825354606,1478.2031194794654,13992.965282377514,1.3345061773903302,1203.313236266588,1438.2496629094694,1.2465582150944465,0.13278211623064756,0.1112683243335678,0.010091672210089435,1.0002860844339108,1.000215320967647
final_joint_baseline_44mer,hs,15,297.266,10,1198.304572381413,1429.5704543347929,14176.433897420373,1.2517685691702085,1290.9101217591417,1466.2001756018449,1.161970903098915,0.0990520857888339,0.08883242651194469,0.0055975105360932574,1.0000300536601157,0.999638720800628
final_joint_baseline_44mer,hs,16,298.454,10,1125.137272505932,1443.9961997092155,14037.253727784342,1.3331706598423896,955.775096344533,1450.5796034581558,1.569406867511944,0.12337485593179438,0.07134591789303693,0.0061007947671597685,0.9997941688461491,0.999664921335959
final_joint_baseline_44mer,hs,17,299.647,10,1262.7598750810548,1494.1312600593342,14670.413442307086,1.1878742978776682,1187.6638670719822,1490.440020708224,1.2629836114304283,0.1205087269001777,0.12852131686568144,0.009746260635439227,1.000287237053786,1.0003013166493513
final_joint_baseline_44mer,hs,18,300.845,10,692.7484121985574,1429.517916356292,13192.837466844161,2.1652882541289262,1178.4254716162,1442.539013705014,1.2728849096776256,0.12147775349880889,0.1098989636994918,0.006811777840724339,1.0001465674798222,1.0000176242417573
final_joint_baseline_44mer,hs,19,302.047,10,1080.1146342013626,1457.3377837111775,13941.141437386206,1.388741484008409,1137.2818064955043,1337.90415154246,1.3189343146376356,0.07952183050337631,0.15001257725048683,0.010917586344387288,1.0003278706660896,1.000196095226005
final_joint_baseline_44mer,hs,20,303.254,10,1034.3303589848506,1414.6588657680772,13786.769123812102,1.4502136449636684,1270.5370808495431,1420.4153657213901,1.1806030871582487,0.08293015154019212,0.1032489117510584,0.009161321371948984,0.9998630877651047,0.9998462472570321
final_joint_baseline_44mer,hs,21,304.467,10,827.5760569208904,1474.0957082058317,13665.18689117742,1.8125222297766257,1289.5672255660534,1446.054817105788,1.163180926330985,0.1108563572249953,0.12086988412705986,0.006448502609760829,0.9999930777779943,0.9998848684193451
final_joint_baseline_44mer,hs,22,305.683,10,1337.4181257852206,1453.944140289013,14427.813507446954,1.1215639829311606,1307.2940078738634,1491.0626039696638,1.1474083036910319,0.10526716198900649,0.11984738443351853,0.00727550876044767,1.0000780160910616,0.9997921354385352
final_joint_baseline_44mer,hs,23,306.905,10,1305.448795913403,1500.0,14678.970203626854,1.1490301302476382,1247.2969831109092,1435.2695169264048,1.202600519612273,0.04832650596830432,0.09993022009827093,0.007128003478113163,0.9996991344550928,0.9998602500883605
final_joint_baseline_44mer,hs,24,308.132,10,1415.9687285461216,1492.1736381178634,14766.752778621169,1.059345428864209,1186.9598314606847,1413.6218353177394,1.2637327399311271,0.10935982858944916,0.11112627452087537,0.007808762938236567,0.9999128448384721,0.9998513722742208
final_joint_baseline_44mer,hs,25,309.364,10,1204.1944442961174,1432.0643195943953,14094.018959121302,1.2456460060125827,1230.7292015325065,1370.8681748107183,1.2187896396154385,0.09515980790388918,0.13206839978670984,0.005507368822187251,1.0000341944713664,0.9999873728820572
final_joint_baseline_44mer,hs,26,310.6,10,807.8119374461162,1500.0,13524.730554605907,1.8568678308248634,829.1174697657764,1405.2097328562932,1.809152568481938,0.11104369629070848,0.10698637504114451,0.008686668775453668,0.999909406572768,0.9998863901434873
final_joint_baseline_44mer,hs,27,311.842,10,1047.4693472872793,1332.0037243830807,12956.453551674369,1.4320228118223008,1174.0040249574201,1403.7038256330122,1.2776787541715655,0.1116468068833909,0.11713437677395214,0.0076315087242474775,1.0000997061890746,1.0002298890271375
final_joint_baseline_44mer,hs,28,313.088,10,1301.8512513725966,1428.705640523786,14113.70216818224,1.1522053678701671,1207.3904928551276,1415.0846859395917,1.2423486923877758,0.11018447361331597,0.11859443494532107,0.00960535800724138,0.9999585035729467,1.0000078683780287
final_joint_baseline_44mer,hs,29,314.34,10,1150.8430362492338,1428.3235092748541,13937.20629645851,1.3033923417468989,1353.2076184770824,1457.1364986152776,1.1084773537471801,0.06298673362830087,0.1146663759686239,0.008590964905559008,0.9997971794929538,1.0000079321383322
final_joint_baseline_44mer,hs,30,315.596,10,1209.3651961764294,1463.7558642197441,14260.296898267792,1.2403201322003077,1099.6573912248589,1445.4030963404496,1.364061217584522,0.09818270733626382,0.1299413371914847,0.009324190790441701,0.9999075221363845,0.999957066637053
final_joint_baseline_44mer,hs,31,316.858,10,1222.0570574442386,1409.7546786616992,14060.325253914569,1.2274385969645643,1339.8340095671456,1431.0341051605856,1.119541666571517,0.10358276656464634,0.1477891741637389,0.005830174801334434,1.0002778681920683,0.9998994626775858
final_joint_baseline_44mer,hs,32,318.124,10,1113.2760779385035,1398.1066665737394,13606.054527102953,1.3473746806610705,1103.6384304142255,1413.7132095647003,1.3591407825813109,0.10112127097358627,0.047432009819904856,0.00552595868270799,0.9998439183668673,0.9999381483727048
final_joint_baseline_44mer,hs,33,319.396,10,985.3689392923671,1387.1079543940195,13394.871835522421,1.5222724607873372,1187.5017195070427,1371.2485432714761,1.2631560656793677,0.10316589539739217,0.12141213558234881,0.005908617230592599,0.9999051635132505,0.9997662904508069
final_joint_baseline_44mer,hs,34,320.672,10,1069.2555143796371,1369.7220822826187,13720.607003593257,1.4028452318717037,1284.9556488165485,1499.7088648472693,1.1673554658337886,0.10888404396302152,0.14253520422844468,0.01044973860386061,1.0000158438094948,1.0003178699962
final_joint_baseline_44mer,hs,35,321.954,10,915.1100355686287,1416.1498925521619,13681.134755210547,1.6391471426361681,1028.0979629383864,1387.7954986290988,1.459004933452917,0.07819570243296128,0.08255500523220191,0.010063928990482444,0.9996179996772218,1.0001713681066138
final_joint_baseline_44mer,hs,36,323.241,10,1251.2068638206504,1466.9894147617492,14450.398909236214,1.198842528260788,1277.5341110153447,1412.912146351217,1.1741369463769904,0.08550625904583391,0.1447442034916921,0.00952855985046988,1.000019964810232,0.9999478229587396
final_joint_baseline_44mer,hs,37,324.533,10,1256.56881528688,1473.3719445974739,14447.288126119753,1.193726902778137,1173.5462145745303,1400.101505410496,1.2781771875458912,0.1303768738883903,0.16143584897207075,0.008181585065617633,1.0002483257540542,1.0000899347499528
final_joint_baseline_44mer,hs,38,325.83,10,1217.275364709241,1424.145834317172,14110.66322247809,1.2322602128387694,1020.5656128875517,1381.3216222329693,1.4697732130675596,0.10507663209222473,0.0900995992098623,0.007228584261393239,0.9997537553546725,1.0000928343320212
final_joint_baseline_44mer,hs,39,327.132,10,1388.3613493080243,1436.3768146346222,14347.613669364782,1.0804103706485475,1239.462911588998,1420.9275423268696,1.2102016010119998,0.11395558201396695,0.10189862064271946,0.003575668586234308,0.9998502691933223,0.999647837399734
final_joint_baseline_44mer,hs,40,328.44,10,1262.9640063179193,1433.1007303675465,14233.775098120215,1.1876823032931414,1288.3561699964425,1452.4294249033064,1.1642743170967558,0.1782658254208091,0.11311854155904096,0.006001844835372878,1.0003311018027072,1.0000020166607593
final_joint_baseline_44mer,hs,41,329.753,10,1342.1571030179207,1449.4047109498892,14302.276460153595,1.1176038905036974,1290.3199355145678,1447.9761342382324,1.1625023831022294,0.0682432348632275,0.17155266117305082,0.007239906389698355,1.0000519112556647,1.0000041012409817
final_joint_baseline_44mer,hs,42,331.071,10,1283.2814105425962,1444.4878684612681,14281.559137228523,1.1688784608558858,1149.3150799806426,1469.7522454039072,1.3051251359420637,0.11595972715694881,0.11388383945445839,0.007755045746488065,0.9999572250805314,0.9997831429657887
final_joint_baseline_44mer,hs,43,332.394,10,1279.0446492739782,1463.1412802392836,14377.724137934929,1.172750303010487,1284.6624885640151,1460.1187834465627,1.167621856598839,0.09085865233184001,0.1975187079747132,0.00710246562918564,1.000463853842892,0.9999704079809189
final_joint_baseline_44mer,hs,44,333.723,10,1021.4609564207501,1438.535469444054,13459.106161276368,1.4684849093557863,1169.2711868575818,1369.267363360445,1.2828503916454594,0.13749239374301175,0.1446956038647262,0.00943756212641059,1.0001131325905837,1.0002510706148795
final_joint_baseline_44mer,hs,45,335.057,10,957.6492852534402,1417.0757700377733,13704.36760211538,1.5663354247719483,1082.9248321177408,1455.0270931340638,1.38513768962767,0.09871044574672803,0.18160792934230582,0.008752399192887107,1.0003157231893822,1.0003570457623656
final_joint_baseline_44mer,hs,46,336.396,10,1226.3131937192286,1482.1352703254206,14342.89743290071,1.2231785547790768,1173.072486180697,1489.606703301506,1.278693360956506,0.07592143120171328,0.08494141772094732,0.008734418175641277,0.9996578648062245,1.000066643481284
final_joint_baseline_44mer,hs,47,337.741,10,1232.4855716812947,1489.8401416866107,14365.764942551546,1.2170527870389392,887.3658074100009,1472.4923067121636,1.6903964379449388,0.051803961704328313,0.11425009603691554,0.0044153881325490205,0.9996450193511351,0.999637564288729
final_joint_baseline_44mer,hs,48,339.091,10,1129.1593793251304,1485.6343912614143,14472.208203800541,1.3284218574144169,1432.8113282351103,1491.3646242876484,1.0468928954153722,0.0857276659215407,0.1351960551692736,0.010147187406021068,0.9998085194118174,1.0002536609654187
final_joint_baseline_44mer,hs,49,340.446,10,1307.4880714469095,1453.5872127726943,14474.201238049593,1.147237999915403,1262.4920668662405,1400.690593057799,1.1881262776749972,0.08645302073032558,0.14022745015786964,0.007075859183309947,0.9999670353336333,1.0000177809861155
final_joint_baseline_44mer,hs,50,341.807,10,1128.5462371409183,1474.8052481820118,14202.850511431394,1.3291435925568544,1248.8733799596257,1449.6697467281856,1.201082530919582,0.06156382616820912,0.15326108442784803,0.007503212341419518,0.9998753311481254,0.9999331815476878
final_joint_baseline_44mer,hs,51,343.173,10,1253.966734268244,1450.2788335662872,14290.712660786172,1.196203981340326,850.7879949002627,1468.949687250318,1.7630714220125356,0.09185460612238584,0.12497786470678199,0.006886641943268024,0.999902363599919,1.000003266427982
final_joint_baseline_44mer,hs,52,344.545,10,1373.2289501266396,1496.682973882604,14665.567076371655,1.0923160335803215,906.1406973870684,1429.6735052881409,1.6553720678536723,0.06039991918171883,0.12637904186304888,0.00780824556312417,0.9997093281872854,0.9997502078282668
final_joint_baseline_44mer,hs,53,345.922,10,1189.1753291171046,1475.181617409775,14162.411790708413,1.261378337804624,1200.6941306455155,1377.5034517394374,1.2492773652466944,0.0992384692877662,0.11986095648245496,0.004663740701141717,0.9998740677236851,0.9998506225805449
final_joint_baseline_44mer,hs,54,347.305,10,1163.8123900822857,1429.6027292889935,14019.688619434677,1.2888675294941176,1012.4106543691502,1418.9163406019109,1.4816122227937978,0.07860915010802112,0.1081045789964517,0.007230545809597605,0.9997863232841843,0.9997843522310681
final_joint_baseline_44mer,hs,55,348.693,10,1140.0812930224713,1397.3422202375132,14023.66961991905,1.3156956518629892,930.7461175192161,1334.7853476277555,1.6116102681127016,0.09954808201189255,0.14055692401617514,0.007767893513879679,0.9998834498813961,0.9999971489898022
final_joint_baseline_44mer,hs,56,350.086,10,1151.2283848070217,1447.6105636316922,13919.729400133248,1.3029560596279444,1184.5568076579498,1485.1187917936131,1.26629638215978,0.07032009105730365,0.12786668404588014,0.006208791957794245,0.9997742568578432,0.9997880734113048
final_joint_baseline_44mer,hs,57,351.486,10,1254.5335547585005,1453.9357037133022,14344.243262374981,1.1956635151849344,1237.2833146747648,1458.997240028229,1.2123334908094945,0.08803138055151134,0.15621820921035068,0.005724871489898455,1.0000161151785354,0.999903689519221
final_joint_baseline_44mer,hs,58,352.891,10,1298.7787305438196,1381.2362455548641,14064.563393019285,1.1549311400964548,1295.2752352853527,1460.8375723235768,1.1580550288754234,0.08067678401976024,0.12439558763164489,0.006524882874344441,0.9999495181029148,0.9997131005410195
final_joint_baseline_44mer,hs,59,354.301,10,1148.4510010252095,1497.1895256193616,14433.536520801128,1.3061070943914599,1314.0602919626776,1492.6850896787614,1.1415001344874391,0.10493354260171475,0.12831629324100324,0.008128077352293574,0.9998529275737776,0.9998665112986052
final_joint_baseline_44mer,hs,60,355.717,10,1099.5340704952112,1455.849564585099,14068.089996080522,1.3642142069544292,862.0484892895179,1420.0313859807807,1.7400413301997295,0.10887112317851123,0.13915249828076284,0.006215198264458477,1.0001347706705714,1.0000737001926343
final_joint_baseline_44mer,hs,61,357.139,10,1368.6147631654248,1486.1180323375925,14592.363354829049,1.095998699101198,1114.144042482262,1479.4237718992829,1.3463250197506498,0.07081106677260988,0.13555508925238496,0.007032389956395457,0.9997851541453601,1.0000430773446307
final_joint_baseline_44mer,hs,62,358.567,10,1090.3819812870177,1496.1221839355026,14445.127742354909,1.375664698924587,1208.4700109743906,1500.0,1.2412389106706492,0.08489821839674525,0.17652316184191422,0.009086631014007788,1.0000297852070146,1.0001372259507377
final_joint_baseline_44mer,hs,63,360.0,10,1120.4626674643387,1351.9156319788356,13373.662937678258,1.3387326892332547,1223.870995515628,1389.473691831759,1.2256193712377637,0.08171842636579317,0.24924887161229034,0.01098519096106403,1.000385816875341,1.000381467343131
final_joint_baseline_44mer,hs_quadratic,0,280.0,10,859.0466928690414,1472.7678084850331,13910.827686351988,1.7461216164982893,1256.1636282233917,1454.692844093743,1.1941119503049689,0.055083004748865225,0.10462098790926752,0.00944093806170575,0.999882034778458,0.9999408971682484
final_joint_baseline_44mer,hs_quadratic,1,281.119,10,1139.9475459926573,1436.366698787498,13661.744295189588,1.3158500189531193,1157.2533671579592,1403.3015736156804,1.296172508604382,0.09192980333571729,0.10084919434482373,0.009394211577749693,0.9999925944723677,1.0004620627051573
final_joint_baseline_44mer,hs_quadratic,2,282.243,10,1189.4784164353184,1452.687993341721,14063.794115732919,1.2610569298897127,1066.8620825644186,1500.0,1.405992418808668,0.06515489656951429,0.07518891762310001,0.00868008040542478,0.9998057328762776,1.0001383397718142
final_joint_baseline_44mer,hs_quadratic,3,283.371,10,1251.794492051291,1492.3746952416063,14400.746276182508,1.198279757200385,1116.9281107931054,1455.562420831311,1.342969153972572,0.08675571827706939,0.09702975488649498,0.008322500331370842,0.9999115732207952,0.9999964768796564
final_joint_baseline_44mer,hs_quadratic,4,284.504,10,1282.5322593187843,1471.748127817293,14543.90098965444,1.1695612247575928,1118.8881610722822,1491.7531835109185,1.340616562215191,0.13870698066793866,0.08894132897590418,0.006239739230925626,1.0004194601111274,0.9997621192577788
final_joint_baseline_44mer,hs_quadratic,5,285.641,10,1187.0806640956646,1453.9216435134713,14235.659452805205,1.2636041049010953,1097.4298853275616,1439.11245730511,1.3668299178423404,0.07207894849339488,0.11316632793272806,0.007750273588123704,0.9999568659001693,1.000134054717457
final_joint_baseline_44mer,hs_quadratic,6,286.783,10,1307.2879366963168,1452.294150203832,14276.442510290437,1.1474136323713742,1220.4752118318183,1365.3889191396497,1.2290294677502227,0.07640265644608592,0.07354381913752735,0.005547755197659958,0.9998050951754501,1.0000511875049665
final_joint_baseline_44mer,hs_quadratic,7,287.929,10,1150.6898660755135,1415.4002071585114,14016.687364927557,1.3035658383920827,1237.3726592711262,1419.9171624815126,1.2122459541683863,0.04769377936163411,0.10926062623124752,0.009338581138502519,0.9998299283438609,1.0000095709306722
final_joint_baseline_44mer,hs_quadratic,8,289.08,10,1156.6005880451467,1471.7271631041565,14272.33436511145,1.2969040613538483,1355.049534529568,1475.5960495534775,1.1069706027542043,0.10042722408459778,0.1459499000799019,0.009170263122151405,1.0002760855378843,0.9999646950579646
final_joint_baseline_44mer,hs_quadratic,9,290.235,10,1158.6535105312996,1365.328373454856,13666.234392536247,1.294606184131938,912.8548283135196,1464.227705413275,1.6431966545778356,0.1183868554403261,0.07132115160782711,0.005445614451356447,0.9998637720146965,0.9997421931654744
final_joint_baseline_44mer,hs_quadratic,10,291.395,10,1229.3192544504159,1416.763234326249,14175.959723571457,1.2201875099325568,1149.6065624099504,1451.3279879122294,1.3047942218209947,0.06511940344405782,0.10748397296548186,0.011981360321060622,0.9998755899487862,1.0003000337184493
final_joint_baseline_44mer,hs_quadratic,11,292.56,10,1194.0246380234248,1361.1235399443046,13783.03828273235,1.2562554843785163,1255.968530262674,1451.8177587886642,1.1942974396709518,0.07544201179504256,0.12788517419066892,0.010703087091948026,1.0000165676408797,1.0002805422896175
final_joint_baseline_44mer,hs_quadratic,12,293.729,10,1315.5583461075703,1474.653701784693,14399.064201511539,1.1402002841136993,1184.6588831402528,1350.5766496367485,1.2661872724271919,0.09545812807092333,0.08615737538558899,0.009579609844531035,0.9997649951332729,1.000127468121468
final_joint_baseline_44mer,hs_quadratic,13,294.903,10,1133.3349642533549,1441.880632510898,13946.234830366913,1.3235275071463142,1175.5102557246425,1425.6269308435353,1.2760416106070687,0.11412507241465215,0.1423433876230292,0.012878413441432944,1.0004211502804552,1.0007666092586769
final_joint_baseline_44mer,hs_quadratic,14,296.082,10,1191.4428565610922,1464.3206191716713,14107.94414988336,1.2589777107141407,892.7100764069634,1434.5234560717754,1.6802767658199804,0.09537876806787662,0.12609061997010101,0.008509462588196884,1.0001779844832548,1.0005378345620415
final_joint_baseline_44mer,hs_quadratic,15,297.266,10,1314.4125751146025,1421.7520418542101,14129.122905596216,1.1411941945771602,1251.2975165851058,1488.3787811202496,1.1987556757034281,0.08245413292935987,0.11944964536480522,0.0077100505984311115,0.9999052362422591,1.0000227301872553
final_joint_baseline_44mer,hs_quadratic,16,298.454,10,1169.9955729057522,1439.43579651258,14117.178549377084,1.2820561331481475,1253.4313053091794,1451.9160188191072,1.1967149644710688,0.09096813466367615,0.07983263047707279,0.005695415651819202,0.9997989886509283,0.9997145880558901
final_joint_baseline_44mer,hs_quadratic,17,299.647,10,1259.3093615535686,1419.7823468182073,14002.35704990007,1.191129078997316,1117.6865794393686,1426.846522010979,1.3420578072543377,0.08417625023663007,0.11574446951030651,0.008367127721449808,0.9999454644424299,1.0002184178948494
final_joint_baseline_44mer,hs_quadratic,18,300.845,10,1299.5861772994188,1395.516565883046,14002.471137714252,1.1542135690586117,1335.5143038064873,1429.756157028241,1.123162811304001,0.10026942838907704,0.09715465334540925,0.009918519917944306,0.9999586393285388,1.000474376112334
final_joint_baseline_44mer,hs_quadratic,19,302.047,10,1227.793073762747,1473.9457863533971,14303.996568855478,1.2217042366944098,1280.2894221425197,1413.5119848764664,1.1716100860146157,0.08974242949280621,0.13984842588396268,0.008840420618223432,1.0001023968827272,1.0002525628081955
final_joint_baseline_44mer,hs_quadratic,20,303.254,10,1295.547232706553,1478.2152025454154,14460.331504958542,1.1578118976537204,1213.6163054780839,1449.593534654156,1.23597548354387,0.08190225646123166,0.16862008579446694,0.008228973872264674,1.0001548668201203,0.9999463488806793
final_joint_baseline_44mer,hs_quadratic,21,304.467,10,1181.7365690099405,1481.0805733976772,14182.808432180325,1.2693184245425364,1181.9273893221696,1477.6850180556492,1.2691134950855516,0.10769888357593022,0.10099463132045954,0.008747095082918484,0.9999869944787614,0.9998799497381698
final_joint_baseline_44mer,hs_quadratic,22,305.683,10,1126.9594226380277,1481.8244975618422,14338.080299814437,1.331015092352434,1407.8212649959057,1500.0,1.0654761632715943,0.10872025211103682,0.10989427242177405,0.007823780625846858,1.000373616886067,1.0002136978886902
final_joint_baseline_44mer,hs_quadratic,23,306.905,10,1145.613278215168,1461.1704805036202,14251.767821190235,1.3093423658086052,1259.2184517383532,1416.5638842413034,1.191215073071116,0.10762094006749287,0.10436440431913963,0.0060657313032430275,1.0001038548267815,0.9996492018297063
final_joint_baseline_44mer,hs_quadratic,24,308.132,10,1318.297700131458,1469.8829539865076,14477.546733969022,1.1378310072530833,1200.8314653527605,1494.6459280304225,1.2491344899588843,0.1142132819140433,0.116344717685563,0.004949779690905279,0.999964123939654,0.9997871539105614
final_joint_baseline_44mer,hs_quadratic,25,309.364,10,1352.6022073069373,1406.1485467440257,14212.011642936359,1.1089734970834737,1399.5926093604035,1463.2810721310348,1.071740440731165,0.08367731795965701,0.1417895310349502,0.008842383999995184,1.0001578400455287,0.9999915784363684
final_joint_baseline_44mer,hs_quadratic,26,310.6,10,1316.6948519072887,1433.9720928035547,14197.60026454454,1.1392161196857313,1025.7853747435727,1500.0,1.4622941961664955,0.07417630573425482,0.16139449253993196,0.007812009324353843,1.0001331673389988,0.9999219627612764
final_joint_baseline_44mer,hs_quadratic,27,311.842,10,884.5594532907498,1290.1088771048535,12759.297736009552,1.6957593912084485,1007.3798491119433,1443.560198827301,1.4890113211241287,0.07978328711281286,0.1050697969076852,0.00572857325711511,0.9998647060505037,1.000098611980451
final_joint_baseline_44mer,hs_quadratic,28,313.088,10,1179.7568964738061,1386.910165111684,13761.893745312338,1.271448384394593,1155.5910277457692,1472.8515342873206,1.2980370771189484,0.09803586241233168,0.10552421523043906,0.008507947279194157,0.9998585960974825,0.9999340440467498
final_joint_baseline_44mer,hs_quadratic,29,314.34,10,1334.1473793198145,1484.371341782838,14540.111232629171,1.124313567789446,1369.198809666486,1471.4090895596837,1.0955311890501678,0.10516974567759345,0.1120701367695941,0.00809653472033476,0.9999842710688852,1.0001222520796949
final_joint_baseline_44mer,hs_quadratic,30,315.596,10,1385.1653400615476,1469.1780040710019,14547.885704753466,1.0829032149572484,1145.1781510281382,1457.9683680822138,1.3098398695899878,0.108709016251807,0.10366460876842758,0.007367296062544046,0.9999980325245799,0.9998314388706475
final_joint_baseline_44mer,hs_quadratic,31,316.858,10,1312.7359493344982,1433.7721648151246,14335.63303157614,1.1426517273031465,1230.7308946166254,1437.7802592789744,1.21878796295859,0.05997304775726693,0.15535451929913935,0.010698163333427466,0.9999418859267017,1.0001797001336596
final_joint_baseline_44mer,hs_quadratic,32,318.124,10,1231.854260965932,1432.2883289599276,14164.606143614188,1.2176765121742625,1372.335974890997,1451.214919108871,1.0930268006121047,0.10019543603260049,0.09396890738726041,0.0100893681901644,1.0000132786346485,1.0001111348668636
final_joint_baseline_44mer,hs_quadratic,33,319.396,10,1231.6713831596196,1464.1241010609183,14345.462859416417,1.217857312030774,1187.284821877439,1440.6847311860272,1.263386823751413,0.05636899040947878,0.09109711545622308,0.00646014517633269,0.9995965500489498,0.9998146010384015
final_joint_baseline_44mer,hs_quadratic,34,320.672,10,1151.508533653435,1438.140558156562,13965.431514201593,1.302639065331885,1227.537332813306,1460.2291800457424,1.221958762396461,0.07698408740572255,0.12919038491914014,0.0091379790528055,0.9998817002968954,1.0001014081876698
final_joint_baseline_44mer,hs_quadratic,35,321.954,10,1211.234000674669,1500.0,14562.806957020382,1.238406450912446,1381.6345519273111,1483.1713269881088,1.0856705906113704,0.12626010961324055,0.10401719943248683,0.0059775037355233795,1.000333618245687,1.0000748669012725
final_joint_baseline_44mer,hs_quadratic,36,323.241,10,1264.2962722410223,1468.732403210628,14264.747870731137,1.1864307701716008,1246.0810873777702,1438.4331759026343,1.2037739880608989,0.10429899914838815,0.060426226829820316,0.008532948266902167,0.9998136287622932,0.9999262872003426
final_joint_baseline_44mer,hs_quadratic,37,324.533,10,1414.820409545899,1500.0,14853.962466842873,1.0602052316176582,1124.7363377184297,1490.5381541209338,1.3336458952173689,0.08280936454619287,0.13254233705164228,0.007917038229231007,0.9999705227640088,0.9998788769302026
final_joint_baseline_44mer,hs_quadratic,38,325.83,10,1335.7051622868973,1442.3215491544488,14339.846796516324,1.1230023229316632,1098.0889742350903,1384.2932284403678,1.366009526727899,0.06967845676258937,0.1706265708108402,0.01110720410221031,1.0001081254088235,1.0004041956032121
final_joint_baseline_44mer,hs_quadratic,39,327.132,10,1112.8449293094602,1369.2625559561586,13294.179215380384,1.3478966929658172,1018.7885504190433,1348.8194850706977,1.4723369234793884,0.08360643840631672,0.14488775732346124,0.005666353892391716,0.9999468214288678,0.9996913930865015
final_joint_baseline_44mer,hs_quadratic,40,328.44,10,1118.7298682680755,1492.3054536059062,14124.052802898845,1.340806250504579,1250.5228974144889,1476.1827145268066,1.199498228382156,0.08947283730634996,0.1216348086144204,0.0061485176983608145,0.9999693239350912,1.0000927887551079
final_joint_baseline_44mer,hs_quadratic,41,329.753,10,1235.1669608504328,1442.0924415970753,14345.118868909543,1.2144107214195765,1358.1731018240346,1489.3120010690955,1.1044247585123657,0.09290680461187314,0.1351036474546691,0.008787658116226196,1.000048506574028,1.0000994791973667
final_joint_baseline_44mer,hs_quadratic,42,331.071,10,1233.0466949372985,1436.7612966627592,14139.788242548606,1.2164989421396375,1239.7073501277187,1387.9343065204143,1.2099629802513192,0.10719613645700064,0.14029348602918892,0.008810100956181878,1.0000466103578036,1.0001163675819298
final_joint_baseline_44mer,hs_quadratic,43,332.394,10,1220.6843378942217,1428.4752469978448,14063.12334062131,1.2288189120109627,1451.5754507141698,1491.2248447509105,1.033359994660977,0.11656684611346797,0.13647402683294718,0.0069796894198114,0.9999564191008206,1.0001535979196319
final_joint_baseline_44mer,hs_quadratic,44,333.723,10,1304.8608834128206,1476.2271279781378,14463.332647886522,1.1495478323151196,1026.0938122695686,1445.4915821948125,1.461854639472214,0.1501148535215007,0.1297269782616128,0.007885693315234126,1.0000373677490029,1.0002482824570116
final_joint_baseline_44mer,hs_quadratic,45,335.057,10,1190.9427396961592,1490.6105170457317,14156.463174162236,1.259506397748971,1267.6995277256253,1500.0,1.1832456881096611,0.10403351075423631,0.19802815736937796,0.01095759837511348,1.0003740742283684,1.0004222994311223
final_joint_baseline_44mer,hs_quadratic,46,336.396,10,1194.5316339901774,1488.1337633629935,14278.69917318553,1.2557222909111627,1311.6972196496358,1481.5285866047657,1.1435565902934988,0.04796747944623818,0.17387474418864496,0.00703792659549427,0.9999798421542496,0.9997139916612958
final_joint_baseline_44mer,hs_quadratic,47,337.741,10,1383.0070930941713,1449.8194487490937,14486.15644422721,1.0845931358486984,1309.582894671952,1467.1718264339916,1.145402865372449,0.11310637211104577,0.13863892350675203,0.008548459932243894,1.0000305256727982,1.0001051186417862
final_joint_baseline_44mer,hs_quadratic,48,339.091,10,1222.1942540035652,1478.757253268325,14290.091990750827,1.2273008117051942,914.4984526599169,1422.9643426271086,1.640243343919379,0.1043725327319729,0.0761101248922317,0.0064037477263694876,0.9997735646033007,0.9998386996436136
final_joint_baseline_44mer,hs_quadratic,49,340.446,10,1130.6365989277076,1459.0161013977888,13882.741256750704,1.3266862238694515,1265.1905194456301,1473.20238200742,1.1855921910142486,0.10382882271263355,0.12841739238384625,0.009540937717831866,0.9999432691180233,1.0001111412782684
final_joint_baseline_44mer,hs_quadratic,50,341.807,10,1272.2147605047862,1449.2500965554782,14333.093657304405,1.1790462165403848,1166.7675911396275,1493.8640034213668,1.2856030724464085,0.060722560857637775,0.1650786344611429,0.007811481195828144,0.9998891018581139,0.9998572902875755
final_joint_baseline_44mer,hs_quadratic,51,343.173,10,1311.0866950668558,1466.4231657592404,14522.941402027871,1.1440891023026598,1389.8540152950545,1493.7912537735378,1.0792500388478299,0.10538581417423028,0.1675288233906827,0.005565317171460001,1.0001175582380815,1.0000650873497037
final_joint_baseline_44mer,hs_quadratic,52,344.545,10,1398.6904102224566,1488.8031639865903,14741.618632882022,1.0724317468948903,1252.365942705459,1473.5243048802076,1.1977329859031318,0.08376826400122446,0.13826963995517366,0.006361334630938836,0.9998558634985629,0.9999685452104364
final_joint_baseline_44mer,hs_quadratic,53,345.922,10,932.4356012590658,1407.4107712814753,13290.36403006323,1.6086901851179354,926.0355327928578,1307.045380279066,1.6198082545235666,0.10525806921549885,0.15124085279961746,0.007573708215400209,1.0002326812319726,0.9999848744814065
final_joint_baseline_44mer,hs_quadratic,54,347.305,10,1126.0739800831068,1500.0,14435.066381506553,1.3320616820302487,1176.608766186789,1483.7762445946803,1.2748502672313697,0.12013065120973193,0.12236346586206921,0.004814280236543837,1.0000118145536843,1.0003358153316626
final_joint_baseline_44mer,hs_quadratic,55,348.693,10,1284.245310835542,1411.3946322991073,13906.83666048761,1.1680011500482612,1277.9289240674077,1432.3301064378356,1.1737741996055475,0.10158810141129589,0.182389863266088,0.008392662449565486,1.0000859245869118,1.0002631196401932
final_joint_baseline_44mer,hs_quadratic,56,350.086,10,1327.8272782940362,1475.749957026642,14522.714510120251,1.1296649982422169,1377.3529735472077,1489.314887666835,1.0890454580694224,0.08808096077522902,0.13140520875859077,0.006433674868263759,0.9998751609763974,0.9998480855895762
final_joint_baseline_44mer,hs_quadratic,57,351.486,10,1130.5285119905723,1467.9791845394489,14231.34140280103,1.3268130649433005,1046.764687764997,1458.0044284687283,1.4329868188453414,0.11431575872225476,0.14465437735820127,0.006183787272380726,0.9999874960588544,0.9996463547891535
final_joint_baseline_44mer,hs_quadratic,58,352.891,10,1095.6163616499393,1493.7326814515573,14314.130964799951,1.3690923689210708,1238.159341921094,1458.4916401549985,1.2114757359683943,0.14943312197957434,0.15332876804797949,0.0076800191321646704,1.0006758754994023,1.000465404913679
final_joint_baseline_44mer,hs_quadratic,59,354.301,10,1268.2011241447274,1495.9838171349104,14526.903393573379,1.1827776930978495,1301.982092866709,1472.5486531985725,1.1520895780504126,0.14321811504399617,0.14876022467193403,0.005103617974389484,1.0000984173678091,0.999931199292007
final_joint_baseline_44mer,hs_quadratic,60,355.717,10,1198.9921836416092,1411.7175447817785,14034.840877213828,1.251050691126411,1304.7322417644004,1447.7741870501764,1.149661173369593,0.08020638794560622,0.21495119859581527,0.00782220528679385,1.0003864220686196,1.0001861080214631
final_joint_baseline_44mer,hs_quadratic,61,357.139,10,1282.3357851434205,1449.0518059562073,14168.059716879668,1.1697404200821202,1250.2046157698173,1423.8462606409732,1.1998036010100397,0.14198138132972793,0.14941588492080313,0.007192435347470151,1.0001948441475275,1.000304458020562
final_joint_baseline_44mer,hs_quadratic,62,358.567,10,1311.7251143726933,1467.2184936739818,14500.433919993475,1.1435322717880152,1159.6445540705488,1472.993923600237,1.2934998010681342,0.08630799789034986,0.11130237094409967,0.008552195091548013,0.9998251434114466,0.9999134358830011
final_joint_baseline_44mer,hs_quadratic,63,360.0,10,1254.674126111061,1425.9489125795508,14102.983631208788,1.195529555271329,1145.4224123842357,1452.9161047096459,1.3095605462073148,0.09897818515754504,0.13489986409679325,0.006812583943323407,0.9999296826666575,0.9998576206636867
final_joint_baseline_44mer,poly2,0,280.0,10,1312.4697201996944,1470.7285187016491,14493.066148528345,1.142883509550051,1322.938739246853,1476.077174494515,1.1338393498507329,0.08917609731011371,0.0848567158345305,0.006739778598102692,0.9999470540018861,0.9996710178817355
final_joint_baseline_44mer,poly2,1,281.119,10,1229.8514616739565,1432.102302403893,14019.715697194459,1.2196594846977238,1250.7331024851742,1492.595967967019,1.1992966341256492,0.12049378058232939,0.052563443147834024,0.009567620125553537,0.9998906077630142,1.0003030052563262
final_joint_baseline_44mer,poly2,2,282.243,10,1348.3717377051046,1471.8299471122282,14576.48838836716,1.1124528630012396,1259.9467761762598,1417.141596769461,1.1905264796599297,0.09889485967017622,0.08983006178334725,0.011655733769821847,0.9999666145813098,0.9999980982347864
final_joint_baseline_44mer,poly2,3,283.371,10,1241.8335278702752,1410.9117225748755,14056.97325968145,1.2078913689602793,1286.4940127849927,1405.2571669771355,1.1659595653716344,0.04269670459245612,0.05978632322232609,0.004773084572857327,0.9995264352715759,0.9995226916601035
final_joint_baseline_44mer,poly2,4,284.504,10,1058.6837209711632,1434.1568016135614,13797.618383665558,1.4168537498848135,1067.364384223816,1432.4196064177722,1.4053307588024828,0.09702300140557583,0.0718497197087243,0.00999356911496292,0.9999047050928436,0.9999893652610374
final_joint_baseline_44mer,poly2,5,285.641,10,1285.2700291918836,1441.3465539001559,14229.243402913628,1.167069927665806,1167.7745483709048,1420.326238898639,1.2844945131682857,0.0688650086391674,0.0678548778235174,0.006273738718858585,0.9996811432172209,1.0001734435694325
final_joint_baseline_44mer,poly2,6,286.783,10,1113.4594411394135,1455.6570759753938,14163.123975827408,1.3471527965715895,1225.024426729098,1469.5931010343038,1.2244653798496952,0.060747583812096544,0.10408204029087378,0.007000774427568435,0.9998498970068176,0.9998054227108512
final_joint_baseline_44mer,poly2,7,287.929,10,1257.5892422892573,1449.7559227285053,14214.287245229134,1.1927582946475188,1075.3669745903096,1448.3397425796138,1.3948726671390164,0.1061769973045535,0.12364601804254664,0.007348122975512026,1.0002680665813546,0.999790363847117
final_joint_baseline_44mer,poly2,8,289.08,10,1322.401201784775,1434.3129055393247,14349.505224431205,1.1343002395759543,1314.9811070065646,1483.9539170860025,1.1407007994317229,0.10220507875161264,0.11767291768098369,0.008153714546488788,1.0000568344763487,1.0000361718567243
final_joint_baseline_44mer,poly2,9,290.235,10,1157.4036552549226,1483.0455354583082,14333.32638800305,1.2960042014638526,1215.165835987416,1434.570423934687,1.2343994174104922,0.07431540479814457,0.07213706090183851,0.0053675007194492405,0.9997543546778754,0.9998507635014728
final_joint_baseline_44mer,poly2,10,291.395,10,1241.4371887985092,1386.5364650689203,13844.477345702073,1.2082769982521095,1344.1689180226151,1406.7483559879806,1.115931174934937,0.09180092702555247,0.1141363901459806,0.008508791575821939,1.0000678275637533,1.000036921959791
final_joint_baseline_44mer,poly2,11,292.56,10,1229.3270756095799,1493.8326459094178,14464.176614033384,1.2201797469206501,1146.9605392592603,1500.0,1.3078043652388796,0.16800724244751825,0.11176572720551572,0.009911573224614672,1.0003827309892983,1.0005734444470442
final_joint_baseline_44mer,poly2,12,293.729,10,1244.8582130793795,1500.0,14585.062071951686,1.2049565036723995,1231.0380246678244,1482.6367587730986,1.2184838891591108,0.08460092106992714,0.1293172498590623,0.009789033216648889,1.0000339370099611,0.9999815127338347
final_joint_baseline_44mer,poly2,13,294.903,10,906.4525695703225,1435.153755681036,13620.64833218066,1.6548025239875832,1100.931656780769,1414.435053470951,1.3624823945803737,0.060363374140562066,0.11050769706726801,0.009147308369466292,0.9998905038910573,0.9999004348899851
final_joint_baseline_44mer,poly2,14,296.082,10,1076.2853185745196,1421.8878022277831,13687.093939233158,1.3936824874529248,1399.400044832638,1487.0848040272674,1.0718879176393004,0.12199864418502006,0.10142548441535242,0.009413320377897015,1.0000304192188716,1.000135405042972
final_joint_baseline_44mer,poly2,15,297.266,10,1184.4864199190304,1493.040219264913,14253.074046711838,1.2663716314303861,1233.9139967576925,1451.4720939368924,1.2156438811306876,0.1208409426252565,0.11138074838638484,0.005898852891465968,1.0001129839075884,1.0001598608960471
final_joint_baseline_44mer,poly2,16,298.454,10,1275.0637362622824,1468.5613522128424,14419.832917672904,1.176411780321739,1109.6129989189444,1471.3513302999138,1.3518226638128747,0.09218342379252205,0.11438960714252927,0.004572585378811864,0.9998484353869755,0.9997651045391421
final_joint_baseline_44mer,poly2,17,299.647,10,1019.9934847866426,1471.0325214934066,14023.172745379816,1.4705976286836409,1057.9707338447424,1408.4687220089677,1.417808595280222,0.09925347102103138,0.07875669989136018,0.00787071081694042,0.9998691025350029,0.999950747336151
final_joint_baseline_44mer,poly2,18,300.845,10,1122.3556991765938,1449.601457265267,14092.763083860485,1.3364747032517958,1339.6048656927292,1500.0,1.119733167902707,0.0776105537289358,0.11382044338928442,0.008186976141616694,0.9998604869870988,0.9999119488665235
final_joint_baseline_44mer,poly2,19,302.047,10,1210.7250103934318,1500.0,14425.749435965858,1.2389270785052724,1290.442589238563,1486.03816711432,1.1623918898128496,0.0852235744229879,0.11736296974202161,0.008413966753861683,1.0000622146270777,1.0000988584353248
final_joint_baseline_44mer,poly2,20,303.254,10,1101.6482687540174,1344.6902486056943,13508.725091694121,1.3615961124293556,1028.65457624685,1374.1010091360758,1.4582154540865422,0.059324242852382573,0.0898964589588118,0.008072221473590024,0.9996544607365037,0.9997577558408584
final_joint_baseline_44mer,poly2,21,304.467,10,1415.316206720366,1474.5316294681504,14699.755720713347,1.059833832805368,1364.9781307055282,1499.6305095276875,1.0989187051844427,0.07918124702585043,0.09875763824186497,0.006671140675226634,0.9999668900454807,0.9996553946534652
final_joint_baseline_44mer,poly2,22,305.683,10,1389.2020910362874,1463.30347076641,14620.110718768186,1.0797565089187722,1342.2167106623658,1455.7856501028782,1.117554257881181,0.07943156358251696,0.13265333266324933,0.006850731927851078,1.0001492677743138,0.9998826517481902
final_joint_baseline_44mer,poly2,23,306.905,10,1359.8459471577473,1500.0,14573.80331781827,1.1030661253469134,1233.15922693884,1449.0343178329974,1.2163879304731458,0.125593014784186,0.14152684865031398,0.0065555202166480316,1.000508137738485,0.9999437290104456
final_joint_baseline_44mer,poly2,24,308.132,10,1117.7903043463025,1421.5937058950963,14053.030788426937,1.341933271533625,1203.37457644704,1435.8328570473225,1.2464946736939928,0.07636604203062897,0.10674890579715039,0.005678520034353291,0.9997965773377578,0.9997798504760158
final_joint_baseline_44mer,poly2,25,309.364,10,999.2418943419103,1492.4595503755245,14213.93165408388,1.501138021227466,1208.0738168556568,1496.058744816741,1.2416459814551408,0.0732499431241081,0.12666912278320475,0.010097300303325618,0.9998091609275382,1.0001867926302612
final_joint_baseline_44mer,poly2,26,310.6,10,1322.1210042287487,1439.030154290937,14299.27878148706,1.1345406322131733,1135.4595459451255,1500.0,1.3210510276272687,0.12651557512520648,0.09068490012737045,0.007410981704837647,1.000043932163418,0.9997904360520343
final_joint_baseline_44mer,poly2,27,311.842,10,1282.7282032945309,1470.2537873702263,14322.180504144335,1.1693825676767946,1323.0261865745401,1440.6511684426305,1.13376440710041,0.07115464210415301,0.11454041499255468,0.004979246599060805,0.9997309230735493,1.000191747245645
final_joint_baseline_44mer,poly2,28,313.088,10,1310.2299708624523,1456.131794819906,14330.931542849281,1.1448371914532167,1252.608212875044,1478.096186034999,1.1975013292920464,0.16307477891467143,0.09978697309769437,0.006134288628453379,1.0001373456416827,1.0007104643753963
final_joint_baseline_44mer,poly2,29,314.34,10,1231.4315526896771,1450.7202531996543,14184.173085428294,1.2180944988162103,1257.2659485166541,1410.0111558337028,1.1930650009011443,0.1398003393839721,0.10056144611353,0.006818895194080754,1.0005234585464406,1.000295347595507
final_joint_baseline_44mer,poly2,30,315.596,10,940.2496055711279,1474.1560689690837,14147.69902508412,1.5953210627393646,1245.1145553961062,1482.7446515279853,1.204708429035116,0.14727698842404316,0.14709627988346774,0.008954048657005838,1.0001716825442757,1.0002862268088457
final_joint_baseline_44mer,poly2,31,316.858,10,1257.0318148849021,1410.63694679233,14245.934773271127,1.1932872201308165,1278.0717953884216,1479.1808178013398,1.1736429873598233,0.06742279719223528,0.1360733299038097,0.009246001231854734,0.9999514828222021,1.000015564493855
final_joint_baseline_44mer,poly2,32,318.124,10,1233.3838242200698,1477.711930644588,14253.73719384484,1.2161664281178042,1248.1929058288842,1423.087473729286,1.2017373220078502,0.06277372373679777,0.1849014632476201,0.013360212766568604,1.000167734042286,1.0007182004092046
final_joint_baseline_44mer,poly2,33,319.396,10,1159.7623999905643,1442.5938944710347,13879.383754293243,1.2933683658068271,975.8271151385902,1433.9412732017945,1.537157532035749,0.13495658494897117,0.1775154954112771,0.00922519000985089,1.000430273477279,1.0002345061633746
final_joint_baseline_44mer,poly2,34,320.672,10,1110.9067662116477,1468.1073867817763,14054.308794811752,1.3502483247223496,1207.644845146572,1500.0,1.242087030825644,0.07559256943891873,0.1436576176577875,0.00697970324437272,0.9999703462803766,0.9999378674180246
final_joint_baseline_44mer,poly2,35,321.954,10,1248.4159011942816,1484.658910169496,14379.918513109616,1.2015226644942953,1148.0366400299079,1491.269544252002,1.306578507773866,0.10223551142750344,0.19590112018283332,0.009472226352441057,1.0003867205542991,1.0003074598458532
final_joint_baseline_44mer,poly2,36,323.241,10,1091.5133150484758,1437.774367606781,13752.797865424687,1.374238847405524,1183.995361583631,1369.1156323487353,1.2668968550634379,0.10015088578972116,0.08612383848595896,0.006278298668937391,0.9997480083447869,0.999806539207229
final_joint_baseline_44mer,poly2,37,324.533,10,1364.2956616856109,1474.925430699505,14589.859606690468,1.0994684232497844,1301.5286990499515,1447.9196187058092,1.1524909140266537,0.07813742140474109,0.17427125727184933,0.009937518920482322,1.0000968886299737,1.000197283831952
final_joint_baseline_44mer,poly2,38,325.83,10,1288.5224356802519,1473.3933172575294,14270.127504810147,1.1641240838838032,1172.5581556787013,1455.5804041290749,1.2792542465680676,0.10041074383388911,0.09130549454076316,0.008784915108884819,0.9998407837768158,1.000092850341648
final_joint_baseline_44mer,poly2,39,327.132,10,1181.9882772696258,1430.5581880805064,14057.561486097546,1.2690481190430893,1140.9857344988577,1474.2447482975288,1.3146527205783411,0.069382640252055,0.13420614326061564,0.009128074420109182,0.9998905818308093,1.0000302010984357
final_joint_baseline_44mer,poly2,40,328.44,10,1310.482383826794,1447.7107074960957,14398.51864066559,1.1446166835297609,1162.9803244150298,1426.875837516125,1.2897896623956115,0.09783957288457286,0.17730101209211643,0.012721869234303166,1.000113537578213,1.0004619972738136
final_joint_baseline_44mer,poly2,41,329.753,10,1229.9297353503869,1440.3884996629627,14179.622385239425,1.2195818646279615,1394.2459854123067,1480.2438096257483,1.075850327484658,0.1214884802291368,0.13117391339574946,0.009415991454259774,0.9999606513559957,1.000135675021778
final_joint_baseline_44mer,poly2,42,331.071,10,1318.102595412161,1437.3723501502845,14371.632068543417,1.1379994282849895,1152.9146736571784,1417.1810230026013,1.3010503155813145,0.1314172898303331,0.13785860711452003,0.006601232140396616,1.00012746043162,1.0001037662320158
final_joint_baseline_44mer,poly2,43,332.394,10,1249.5065804962433,1435.7836532963158,14114.007881208736,1.2004738697768786,1162.9242003764334,1478.6536348066634,1.2898519091050447,0.09945386053257063,0.12366664869721347,0.004539739761953199,0.9999313236835089,0.9997094031190987
final_joint_baseline_44mer,poly2,44,333.723,10,1334.841127658608,1494.1959805323045,14583.432713292135,1.1237292355765893,1207.766412850563,1444.3929904002055,1.2419620085805407,0.17527936852086035,0.11633904474996035,0.008439831876514807,1.0000415617340555,0.999885549993452
final_joint_baseline_44mer,poly2,45,335.057,10,1137.169791526401,1408.9746535183049,13945.505106027924,1.3190642340108059,1290.6699712196971,1439.6715342675698,1.1621871070437035,0.11947085615045608,0.15339663910558432,0.010287179712509227,1.000232623206899,1.0002700305144794
final_joint_baseline_44mer,poly2,46,336.396,10,1095.771217351659,1434.1495231111962,13772.566909965763,1.3688988871466354,1157.5285600872637,1482.374489136602,1.295864354212494,0.08155188736729356,0.13638444029857483,0.009525891392676376,0.9998573220969337,1.0000779483617768
final_joint_baseline_44mer,poly2,47,337.741,10,1297.8908461900535,1453.7318550574337,14428.013228928974,1.1557212260208445,1385.405158280582,1473.7351630039295,1.0827157608259816,0.10057249405702695,0.1717812045080081,0.0047523953339968315,1.0003660524676712,0.999776163571248
final_joint_baseline_44mer,poly2,48,339.091,10,1244.5502850666455,1432.4364238366218,14109.726582568524,1.2052546353477998,1146.6232809777248,1445.8802107500956,1.3081890319904819,0.11353678698259888,0.19759654742822674,0.008390535837542956,1.0004322993130619,1.0000191778096257
final_joint_baseline_44mer,poly2,49,340.446,10,1028.9489488324684,1500.0,14472.738214561825,1.4577982724041125,959.2997579945476,1459.5262992837293,1.5636405487433946,0.11475978228973358,0.18109597210073744,0.006182477927726501,1.0004013916576404,1.0000823546792885
final_joint_baseline_44mer,poly2,50,341.807,10,1107.2460464738324,1400.5966597185986,13818.434889112754,1.3547124460520252,1098.4491947581762,1428.4087788902957,1.3655615636645129,0.05595194570217758,0.22540606321333378,0.010784967840727645,1.000216143894598,1.0000344285771572
final_joint_baseline_44mer,poly2,51,343.173,10,1240.199229693794,1462.8383027980647,14160.096072489663,1.2094830927853026,1338.7866400187418,1447.516683041405,1.1204175147572442,0.06852706737717797,0.06203282285299592,0.003838889537323429,0.9995414233179577,0.9996806503995153
final_joint_baseline_44mer,poly2,52,344.545,10,1239.314861973956,1447.521079376751,14390.071363066232,1.2103461727319478,1359.8963428766351,1463.1246976854281,1.103025247370692,0.07903099139910505,0.1326708374553772,0.005739206955994783,0.9998281881127393,0.9996920395540531
final_joint_baseline_44mer,poly2,53,345.922,10,1285.9151501984088,1421.9180826382258,14217.591652420879,1.1664844292164682,1335.068346791841,1462.3367076503423,1.1235379848563474,0.11572014886657402,0.11936319924220122,0.005939897035761074,1.000141706645876,0.9999591324268992
final_joint_baseline_44mer,poly2,54,347.305,10,1185.4484439102162,1429.6966768921382,13926.755354958548,1.2653439360485654,1196.8357620083596,1366.6258144730155,1.2533047955409633,0.11289664274974819,0.146823930837812,0.006641363240165771,1.0001290795325288,1.000166882168731
final_joint_baseline_44mer,poly2,55,348.693,10,1178.1041870451822,1358.5411161215739,13885.593076548932,1.2732320422034733,1388.4447792924677,1482.7143859366001,1.0803454500829188,0.08835431627837441,0.07951027886031171,0.004972634688490909,0.9997092798143375,0.9997958778145574
final_joint_baseline_44mer,poly2,56,350.086,10,1017.7894387701788,1479.002539258841,14122.571404260263,1.4737822410620498,1267.0574628349027,1437.1606021703162,1.1838452824735461,0.13950902093305506,0.13442627058065024,0.007715261958604372,1.000192149611309,1.0001241611125886
final_joint_baseline_44mer,poly2,57,351.486,10,958.0629417356653,1440.377391258553,13896.640437315462,1.5656591385139476,1182.2096051715164,1390.7136114227783,1.268810533629845,0.11220874005259743,0.16486607359375693,0.005548051215918392,1.000216682783966,0.9999668747492424
final_joint_baseline_44mer,poly2,58,352.891,10,1369.713630005396,1465.1037506761654,14497.590223749174,1.095119422878263,1214.693129747935,1432.3260634038872,1.2348797924882229,0.06925179613363222,0.14251555860482232,0.007498855308953355,0.9998241115868144,0.9999167508618804
final_joint_baseline_44mer,poly2,59,354.301,10,1342.6853207739491,1498.7699128796407,14707.652385630292,1.1171642206793262,1401.6067710432128,1483.8597601017195,1.0702003093803216,0.10304177841422495,0.17105866440103737,0.008207414160324287,1.0000912353358706,0.9998961685254178
final_joint_baseline_44mer,poly2,60,355.717,10,1284.0882587048043,1473.0091876143974,14364.820271010967,1.168144003990018,1127.2664603282929,1491.0518658617812,1.3306525589017846,0.15184747428433074,0.12499130636434899,0.00959321606793087,1.0003966609066537,1.0006013337034225
final_joint_baseline_44mer,poly2,61,357.139,10,1280.8214833274847,1498.9446797355686,14380.317528401136,1.1711233919211792,1216.4032237233123,1474.6460408715993,1.233143723023539,0.0980948299925927,0.15067004420992985,0.0070163857064755985,1.0000829988548727,0.9999876713575463
final_joint_baseline_44mer,poly2,62,358.567,10,1310.9442643724688,1472.7630839112599,14483.737281902226,1.1442134046164272,1260.787252915987,1459.0354432335957,1.1897328407554522,0.16419294830007575,0.12017350419751832,0.006809820744909588,1.0004503046608695,1.0002047934480431
final_joint_baseline_44mer,poly2,63,360.0,10,1326.3387236235665,1448.499407032114,14187.897802405074,1.130932825290654,1140.4341642312934,1420.2462431782433,1.315288551541308,0.10166925661804062,0.12262334379898664,0.0065526623967138145,0.9998987694114828,0.9997949754123714
final_joint_baseline_44mer,poly3,0,280.0,10,1079.4519705159403,1377.4619131530485,13648.373936455817,1.3895940171224592,1272.5634859265365,1494.5844206765514,1.178723118012356,0.08378496894845246,0.07569532496939442,0.007080205757760275,0.9998388443610192,0.9998811659333442
final_joint_baseline_44mer,poly3,1,281.119,10,1390.375427005327,1456.209866632847,14559.08589099015,1.0788453038405525,1222.5796849828828,1444.2641275326819,1.2269138923415053,0.07990734997491376,0.08904483265312044,0.007695921165993966,0.999891932109619,0.9998842929042018
final_joint_baseline_44mer,poly3,2,282.243,10,1043.7189897614712,1371.5224158295323,13784.671277918194,1.4371684473641761,1245.6947744510667,1493.3645150981342,1.2041473005785037,0.17482385966729921,0.07386838144820677,0.006135397653689575,1.000182729657914,0.9999844793993499
final_joint_baseline_44mer,poly3,3,283.371,10,1183.4095985249282,1454.6782287850608,14120.384058663334,1.2675239425721143,1171.3598419946054,1443.175280897699,1.280562937385477,0.07709987206881971,0.14842162166536843,0.009459900026387184,1.0002730014296979,0.9998465799547978
final_joint_baseline_44mer,poly3,4,284.504,10,1184.0344206758507,1497.0421698729715,14331.4596430749,1.2668550624937027,1096.8787052625828,1351.6953006706365,1.367516748026313,0.10049588393199185,0.08888254421801069,0.00698535018941804,1.0000859008656753,1.0000563299207221
final_joint_baseline_44mer,poly3,5,285.641,10,1083.6124250877997,1401.5802034036542,13212.711847531027,1.384258767500255,970.9083718881027,1385.94413766328,1.544944964356405,0.1370263771667137,0.06458018271884935,0.003981028134214508,1.0000110189885216,0.9995897395121696
final_joint_baseline_44mer,poly3,6,286.783,10,1113.134344333217,1485.460485484923,14075.52145193238,1.3475462397115425,1229.3165673967183,1456.507352151387,1.22019017703186,0.08583749033384062,0.11327898696973294,0.007199716256996638,0.9999623728497923,0.9998698499225587
final_joint_baseline_44mer,poly3,7,287.929,10,1352.8410790737623,1459.2200619145638,14434.707137815572,1.108777685126912,1215.270696545041,1424.9122011666138,1.2342929063166186,0.12068048716465252,0.07941522384138841,0.005022639807075324,1.000074355403379,0.9997834135969899
final_joint_baseline_44mer,poly3,8,289.08,10,1183.7167418415463,1430.997656923068,14095.445496465587,1.2671950534943028,1242.301069942582,1483.7234839876965,1.2074367770361243,0.09855233197685004,0.1249455881574059,0.00933445466400051,1.0001933554601257,1.0000569964891501
final_joint_baseline_44mer,poly3,9,290.235,10,998.4878510037636,1423.6939945919153,13742.637661962915,1.502271658580597,1190.9733667031387,1395.3505628277053,1.2594740083502547,0.08149789415006836,0.11748974423327345,0.010653771199086365,1.0000152760390781,1.0002080197902112
final_joint_baseline_44mer,poly3,10,291.395,10,1360.9475732012077,1475.3570688702348,14497.593947138415,1.1021732427735733,1370.4553673963908,1465.1234966045477,1.0945267067323177,0.09506246521298703,0.15446072496125185,0.011793769126623128,1.0002964244297716,1.0001811973273333
final_joint_baseline_44mer,poly3,11,292.56,10,1292.0810194191777,1500.0,14505.093436650373,1.1609179126199742,1297.0913166048404,1492.4465931782038,1.1564336148100018,0.06641394957394584,0.1355250038430793,0.009928145421843853,1.0002474981728418,1.0001463989164479
final_joint_baseline_44mer,poly3,12,293.729,10,1067.375284245096,1419.498754408687,13698.860385364784,1.4053164075846847,960.758302131949,1371.254403658216,1.5612667584255675,0.08356587786063276,0.09835527438831128,0.009440814061697852,0.9999100801667261,1.0001899213080345
final_joint_baseline_44mer,poly3,13,294.903,10,954.4709597243946,1415.1585307477303,13615.590276855097,1.5715512187328655,1348.8210804043185,1455.4463336848783,1.1120822633869012,0.0904551281213034,0.10989249291921648,0.006852315552492078,1.0000250520525122,0.9998903755794117
final_joint_baseline_44mer,poly3,14,296.082,10,1245.8240416977264,1500.0,14617.158800881396,1.2040223577287041,1133.6829749838355,1426.2069176053756,1.3231212191586343,0.06706978179886286,0.1379639888602177,0.007909231167349366,1.0001026095921295,0.9999142086112666
final_joint_baseline_44mer,poly3,15,297.266,10,1096.8197790647805,1434.491716547741,13904.280823134133,1.3675902173089884,1283.880599997821,1474.4354627891687,1.1683329431121132,0.08337459489106645,0.10147148477391167,0.006812316504520097,0.9998460797277071,0.9997680238566312
final_joint_baseline_44mer,poly3,16,298.454,10,1200.7578439266294,1500.0,14631.518547589474,1.2492110774765468,1235.6145699130857,1459.5121008673545,1.2139707935829143,0.08529358582724618,0.06613256047935516,0.01013341050602991,0.9997495534369389,1.0000955856501896
final_joint_baseline_44mer,poly3,17,299.647,10,1332.2572799139732,1442.8733910471274,14360.073505359274,1.1259086533922775,1259.519793036837,1473.1542021863256,1.1909300737413102,0.10635441538127961,0.123870828778297,0.0073550880857714655,1.0001883592643255,0.9998604573385782
final_joint_baseline_44mer,poly3,18,300.845,10,1295.5691654956738,1483.715944255674,14412.488644929095,1.1577922969678833,1208.7547713544166,1472.408649531545,1.2409464976251896,0.07107451386819356,0.09863605380950247,0.0076664083442101886,0.9999128495046192,0.9999426629153504
final_joint_baseline_44mer,poly3,19,302.047,10,1293.8739605563524,1440.7690275767854,14280.123422124085,1.1593092107325629,1114.0938660145769,1468.547532210057,1.3463856554258902,0.15234434246841855,0.10739120593005334,0.008989458420452347,1.0002390426419772,1.0005983932519595
final_joint_baseline_44mer,poly3,20,303.254,10,937.8545894507405,1431.2743669104289,13732.868421539843,1.5993950628087057,1203.256101369385,1451.4150851065501,1.2466174061306656,0.04077094622821798,0.12851362227838395,0.006710938671729447,0.9997509835489578,0.999814716944145
final_joint_baseline_44mer,poly3,21,304.467,10,1212.6001283457235,1378.0820058452086,13724.430442585332,1.237011249575207,1217.613800162543,1500.0,1.2319177064187024,0.057884797970815256,0.08244661572462801,0.0062538392717327905,0.9996608819976156,0.9996354253945877
final_joint_baseline_44mer,poly3,22,305.683,10,1312.0415176392717,1455.1251747977471,14301.900184359403,1.1432565050981909,1229.6036661773694,1492.3951710993447,1.2199052761962292,0.07728114609459767,0.07493155395277609,0.00828522688414775,0.999685814277381,0.9997830771991131
final_joint_baseline_44mer,poly3,23,306.905,10,1202.160444759207,1493.749047281149,14451.016311503896,1.2477535810957834,1258.1436460907357,1467.1990444808184,1.192232703046868,0.06887654404708751,0.10776396016809682,0.007790447232114118,0.999884794028887,0.9999921236450641
final_joint_baseline_44mer,poly3,24,308.132,10,1249.2294129850693,1415.7625037296123,13901.513966685698,1.2007402198573818,1357.6874567440593,1426.3037553373958,1.1048198114735683,0.07732043917341375,0.1260668076854492,0.008764844636251457,0.9998341023672959,1.000001131255967
final_joint_baseline_44mer,poly3,25,309.364,10,1199.741333149529,1419.2655369030276,13985.122533487618,1.250269502728759,1110.4856682930983,1369.551747867904,1.350760341018732,0.09941933633057537,0.09475441942199836,0.004787593537554825,0.9997507180618372,0.9998138477324803
final_joint_baseline_44mer,poly3,26,310.6,10,936.2206064477913,1400.4042177564252,13444.823847280306,1.6021864821917355,1316.4646767234572,1411.3290840922884,1.1394153041260044,0.09862268026365512,0.07282139490256671,0.007628454320511077,0.9998005271594176,0.9999632514415837
final_joint_baseline_44mer,poly3,27,311.842,10,1199.3285637179426,1457.43842138115,14360.852625299265,1.2506998043555053,1396.5246907954868,1468.8147755642228,1.0740948655519809,0.07515236684684991,0.1266554556442178,0.009810337346272778,1.0000081182236684,0.9998622490445039
final_joint_baseline_44mer,poly3,28,313.088,10,1195.6756188391857,1455.1967887726778,14239.290348041613,1.254520855293734,1150.4048599624434,1426.4304775626379,1.3038887892467437,0.13472959690416542,0.11669492990985793,0.0075450586416655205,1.0003049960494232,1.0000328037617001
final_joint_baseline_44mer,poly3,29,314.34,10,1254.551044049961,1437.8754921825735,14059.100590730846,1.19564684682552,1255.0470605288724,1371.8521805188038,1.1951743063466522,0.12827817432583705,0.09301060871391693,0.006504004075175877,0.9999977635537632,0.999981988641278
final_joint_baseline_44mer,poly3,30,315.596,10,1065.6107166278443,1422.3801765316143,13790.240151836135,1.407643501134066,1148.7231666563516,1457.5582710516649,1.3057976399711064,0.0770551152099266,0.12926047776142213,0.0053977380566869754,0.9998413677829878,0.999669621882479
final_joint_baseline_44mer,poly3,31,316.858,10,1169.2639152230065,1458.8716464254308,14250.727506096564,1.2828583696726108,1126.3725261283387,1492.0742175401292,1.3317086178903215,0.10644903035978258,0.1602736687322309,0.008211852859379393,1.0001950559008588,1.0000661703103066
final_joint_baseline_44mer,poly3,32,318.124,10,1061.9857538522551,1453.4473810242048,14028.107867725055,1.4124483257509706,1254.0291004962437,1411.5151925527223,1.1961444909104748,0.08438265806457793,0.08508359288239876,0.008108734105309132,0.9996842587119747,0.9999343464695072
final_joint_baseline_44mer,poly3,33,319.396,10,1319.029110092403,1500.0,14500.750900895411,1.1372000727830178,1360.8422640790816,1470.8728671292458,1.1022585347281892,0.10633648471603813,0.14135666474088418,0.004733782323756001,1.0000064393777937,0.999701621902654
final_joint_baseline_44mer,poly3,34,320.672,10,1282.826019296608,1465.6672345143068,14309.872438123448,1.169293401783721,1129.661365367704,1495.7737425224736,1.3278315484496992,0.10332085232633427,0.1676152339934132,0.00778068121050038,1.0001311823355064,1.0000448995433646
final_joint_baseline_44mer,poly3,35,321.954,10,938.4909574072861,1411.261985345769,13674.262297818128,1.5983105518075122,1296.9987460497064,1462.1660296162308,1.156516152824803,0.059450174579628264,0.11683951006021494,0.005276532063269919,0.9997796135541914,0.9996860705606795
final_joint_baseline_44mer,poly3,36,323.241,10,1277.8917691668437,1490.897598814412,14579.859591517317,1.1738083272716953,1261.2452264712565,1470.8459057274029,1.189300834221381,0.08573317249629898,0.11733259469464485,0.009950208824832971,0.9998520004677885,1.0004094014976925
final_joint_baseline_44mer,poly3,37,324.533,10,1169.414278601645,1486.5185654110105,14404.580038331487,1.2826934196439441,1191.8436867326977,1455.800276034658,1.2585543026301353,0.13525942482777956,0.12468201331565212,0.007767121451946961,1.000216371708129,1.000117208078323
final_joint_baseline_44mer,poly3,38,325.83,10,1199.4975065409942,1348.960351390896,13496.39361139617,1.2505236499620316,1296.9540692143737,1449.0310455638491,1.1565559919239243,0.11270022494591547,0.07896972697038919,0.006040385510807683,0.9997839014897357,0.9996365069730294
final_joint_baseline_44mer,poly3,39,327.132,10,1116.2407663235279,1460.6834425242373,14053.00522069805,1.3437961103503047,1196.4960590380892,1489.578072774071,1.2536606273537663,0.06568308360703629,0.11972303222206007,0.007666196340608653,0.9998743973903818,0.9999761928459359
final_joint_baseline_44mer,poly3,40,328.44,10,1394.7343381975156,1467.2873868080478,14629.887891563465,1.0754736288621993,1150.0985284836636,1456.9739201553102,1.3042360831272957,0.08022437377459468,0.1329105965176092,0.006133447834242909,0.9998160707538106,0.99981924560722
final_joint_baseline_44mer,poly3,41,329.753,10,1317.279467645299,1475.302711000315,14383.99040527165,1.1387105294226765,1338.6060622501475,1447.471241904226,1.1205686589216213,0.13040025843358574,0.12047315975860426,0.005718615099881469,1.00035987234956,0.9998965058758826
final_joint_baseline_44mer,poly3,42,331.071,10,1299.9061539999536,1437.8800180367275,14312.134212355357,1.1539294551259225,1192.9003927217311,1459.5903491586446,1.2574394384912457,0.08254969335819237,0.07257514113738375,0.0049541732271557205,0.9997742807021259,0.9999478908563029
final_joint_baseline_44mer,poly3,43,332.394,10,1220.9376433949117,1488.0811685162223,14452.106880439569,1.228563971399173,975.4402075065544,1442.6144897185113,1.5377672444263282,0.07728688901754985,0.15168997623076147,0.007752062356049243,1.0000294747124507,0.9998873132935344
final_joint_baseline_44mer,poly3,44,333.723,10,1282.595028234047,1446.913014501641,14212.834434633838,1.1695039876033895,1331.478906685064,1478.0201825088502,1.1265668516931275,0.10091563386715754,0.152966009296183,0.00981265368657991,1.0000572903508849,1.000189317932419
final_joint_baseline_44mer,poly3,45,335.057,10,1344.0304063711696,1491.5406960531107,14591.058956480076,1.116046179379187,1329.2751629742984,1457.1863967438544,1.1284345346855793,0.10172055946967082,0.1251750773916282,0.006483098976569789,0.9999583212186265,0.9998098918623329
final_joint_baseline_44mer,poly3,46,336.396,10,1233.1301167951833,1398.4111934795728,13942.067258409032,1.2164166453888843,1081.7265881618932,1379.0399692325923,1.3866720263840895,0.13549516159148464,0.11508767672228558,0.005232293152872604,1.0001644469916042,0.9997765009331259
final_joint_baseline_44mer,poly3,47,337.741,10,839.3708590854706,1423.8511818843517,13540.948121253043,1.7870527476189872,1209.0600246710926,1424.2045055761025,1.2406331938797277,0.12919341077574625,0.13155743992644414,0.0073679829198653735,1.0002152938817628,1.0000728866452102
final_joint_baseline_44mer,poly3,48,339.091,10,1240.3461169816978,1423.9435452869361,14021.233668754066,1.2093398604335968,1218.8537614365764,1471.2718492952267,1.2306644549646846,0.10481232258565186,0.23553635246673352,0.010032905688547354,1.000749055225182,1.0003827670011638
final_joint_baseline_44mer,poly3,49,340.446,10,1167.9467414761596,1432.6705621258725,14107.052484738602,1.284305137153909,1106.9643308130235,1360.430785701396,1.355057212094907,0.09589725711389774,0.10320398355791403,0.008110699366533936,0.9997181395560163,1.0001162707032736
final_joint_baseline_44mer,poly3,50,341.807,10,1251.744120955827,1382.113504717518,13782.960672107525,1.1983279768508965,1148.8230294588193,1465.263491492084,1.305684131964704,0.10023639634378594,0.1411901790730027,0.009958548732827859,1.0000062560117748,1.0001423974978065
final_joint_baseline_44mer,poly3,51,343.173,10,749.7259996098525,1445.9148738179579,13760.573309280988,2.000730934742266,1270.9116568102165,1448.5166111063554,1.180255127854251,0.134436944164501,0.15291399180221812,0.008554173013975394,1.0003652760525126,1.0005242466103705
final_joint_baseline_44mer,poly3,52,344.545,10,1200.8311100468532,1454.660354454542,14216.400614159358,1.2491348595569565,1231.8597218249147,1432.9180337796233,1.2176711141897343,0.12356076132471429,0.1871645859189773,0.009113752671349326,1.0002743310823243,1.0001176576183792
final_joint_baseline_44mer,poly3,53,345.922,10,1309.7437273728815,1412.6714212961147,14091.366656200486,1.1452622132489534,1244.8265073723755,1452.922558499421,1.2049871938911823,0.08454907904014772,0.16078376092683527,0.008411622102883314,0.9999927932509174,1.0000743707727429
final_joint_baseline_44mer,poly3,54,347.305,10,884.2822231937176,1483.8399501004078,13889.556540760452,1.6962910263903366,1307.4284585125238,1411.8280013517747,1.147290308875919,0.07818920306847339,0.07551411935672853,0.00770819379992224,0.9996906360034058,0.9999406183093081
final_joint_baseline_44mer,poly3,55,348.693,10,1313.7752365585316,1429.3659385355313,14378.083359355955,1.141747810629533,1345.255547893149,1492.1049908229788,1.1150297817758132,0.075568850467275,0.10320699804007703,0.005944072592687001,0.9997581882600861,0.9997709333239968
final_joint_baseline_44mer,poly3,56,350.086,10,1326.024260333462,1413.5825736229021,14021.319651457365,1.1312010231417542,1177.899441835333,1367.8527159324622,1.273453358346778,0.1409199840296408,0.15804072611548933,0.007614103165863468,1.0001770578755935,1.0000412376620313
final_joint_baseline_44mer,poly3,57,351.486,10,1204.3711507376054,1375.850403588377,13819.777796435956,1.2454632436864164,1126.6175283385996,1416.1613668130335,1.3314190151222127,0.08406342337650297,0.12873096838842746,0.006636827786896877,0.9998937181977741,0.9999897567860934
final_joint_baseline_44mer,poly3,58,352.891,10,1007.0247808903963,1352.6453721625608,13269.552361871683,1.4895363336279792,1110.0624994547825,1323.552442986552,1.3512752666960095,0.11554225907029114,0.13016802816189355,0.00600896888077064,1.0001365979479135,0.9998888489880712
final_joint_baseline_44mer,poly3,59,354.301,10,1153.4343957910676,1399.2141392595736,13848.58199420522,1.3004640796854727,1058.8772669351536,1494.6772651257588,1.416594771499482,0.06501585702486494,0.152009005581175,0.00783143767272849,0.9999153349500827,0.9999872471293044
final_joint_baseline_44mer,poly3,60,355.717,10,1223.6821869801126,1491.066602132649,14018.492852644345,1.2258084786719037,1240.7243078537078,1469.0789424077188,1.2089712359990799,0.08123741046973075,0.1617856057324698,0.008023367555506051,1.0000211572139481,1.0000947273084244
final_joint_baseline_44mer,poly3,61,357.139,10,1196.6976966708644,1485.3502503135282,14305.711165415847,1.2534493917493976,1250.7599937662462,1435.9711977607149,1.1992708493043902,0.07359459997656068,0.1017370248347285,0.006149519871571843,0.9997023522318079,0.9998638787191486
final_joint_baseline_44mer,poly3,62,358.567,10,1347.7588246774553,1491.7800577472822,14647.702120743135,1.1129587672030112,1124.1405433268035,1444.4061818012228,1.3343527274275426,0.09556014431744066,0.10960423754987218,0.007265376828016926,0.9999728197002552,0.9999503553253214
final_joint_baseline_44mer,poly3,63,360.0,10,1021.9885098834127,1359.9863657885244,13632.067318631245,1.4677268731437287,1370.7707461848768,1496.4334387099602,1.094274884531052,0.07783353340428278,0.18193947711624722,0.00718281668560687,1.000117717349237,0.9999415031981896
final_joint_baseline_44mer,heat_capacity,0,280.0,10,1277.4986946493218,1483.3517411739604,14454.003671994393,1.1741694972234438,1239.0117834475118,1456.2464899749648,1.2106422392741871,0.04699295082974426,0.07688863519547098,0.0047095270044234215,0.9996168479258039,0.9995913638265506
final_joint_baseline_44mer,heat_capacity,1,281.119,10,1153.9267980789446,1412.5191917444176,13818.611073225775,1.299909147180911,1035.7378569056073,1454.9812795778325,1.4482429023898309,0.10153590377211556,0.1530066229503372,0.009921384043954725,1.0004996934907475,1.0001294420858322
final_joint_baseline_44mer,heat_capacity,2,282.243,10,1181.5579061813405,1381.024458097711,13597.230228622957,1.2695103575988314,1387.737230733308,1459.3657358030316,1.0808962725654987,0.12485243371225117,0.11700210824311369,0.009248698170251975,1.0001862523832574,1.0000634629508878
final_joint_baseline_44mer,heat_capacity,3,283.371,10,1051.211783664199,1337.624899613896,12968.923962852314,1.426924643834817,1120.5817329575634,1489.2245176129331,1.3385904444837182,0.12511638727213703,0.15277354337566293,0.00885386480711342,1.0005316244933686,1.0004087928757635
final_joint_baseline_44mer,heat_capacity,4,284.504,10,1365.4089676009528,1448.3089303917468,14403.855567503399,1.0985719557968965,1121.0007461289551,1416.239467985084,1.3380900995648815,0.07565397973041296,0.07775562859226212,0.008443258666336597,0.9997708396919254,0.999829995895273
final_joint_baseline_44mer,heat_capacity,5,285.641,10,1392.1480110370348,1496.1704848136096,14735.009045317518,1.0774716395871042,1326.9940897195575,1470.5300329164133,1.130374288492125,0.07978190099238504,0.1056821439769063,0.0075873311852829185,0.9999561904500628,0.9998862145938416
final_joint_baseline_44mer,heat_capacity,6,286.783,10,1345.282740752709,1500.0,14827.606782387462,1.1150072431321938,1324.2482327877926,1460.947827343043,1.1327181436687415,0.06922980218792664,0.0880505158039027,0.009907182000229834,0.9997905120086559,0.9998626307839434
final_joint_baseline_44mer,heat_capacity,7,287.929,10,1149.7584983406348,1496.2416501778703,14304.122036556531,1.3046217985471245,1283.2306653511284,1448.1446488378099,1.1689246840041476,0.07753134444265744,0.0836768652482738,0.007958989934892503,0.9998592462931184,0.999956707311131
final_joint_baseline_44mer,heat_capacity,8,289.08,10,1257.1777699659945,1435.7954014104237,14118.015438284365,1.1931486825769864,1266.8427023760087,1451.420210359234,1.184045972863637,0.11657245883112267,0.08903522399090788,0.006936712023687523,0.9998953330176762,0.9997492473173301
final_joint_baseline_44mer,heat_capacity,9,290.235,10,1165.1022635216923,1470.6945119130855,13904.971406727114,1.2874406367266253,1276.6739006002763,1468.566072949159,1.174928068392969,0.09028800718229968,0.06254385128318635,0.006253618943272369,0.9995835112359758,0.999712294671197
final_joint_baseline_44mer,heat_capacity,10,291.395,10,1164.293469383332,1406.645870363663,13951.996678475953,1.2883349769147765,1269.4812786167022,1431.7767532178434,1.181584971173804,0.10394058555153486,0.1285237375394569,0.007000959272029881,1.0002664528999057,1.0000498011442012
final_joint_baseline_44mer,heat_capacity,11,292.56,10,842.0815757867881,1384.2219838515853,13630.887759244806,1.7813001057510305,909.5016184337129,1283.5475682217598,1.649254899164673,0.12272731694276107,0.09428941262587966,0.0061792444139192925,1.0000377386959303,0.9999742220543928
final_joint_baseline_44mer,heat_capacity,12,293.729,10,1344.4434829928082,1490.9412877552313,14588.251038570688,1.1157032772109647,1312.92400376216,1437.6760587226531,1.1424880615342374,0.09727274901427717,0.0929656806449447,0.005061530397729774,0.9999590955849835,0.9999113136402706
final_joint_baseline_44mer,heat_capacity,13,294.903,10,1169.3052855598935,1466.7948017093304,14253.316436852143,1.282812981796932,1022.6026468494867,1496.3051029263224,1.4668454111881246,0.10663440532900137,0.10146535259771058,0.008175190438500934,1.0000615698792197,0.9998566596972212
final_joint_baseline_44mer,heat_capacity,14,296.082,10,1303.9330891947097,1429.7438833201072,14313.948693599275,1.1503657759972779,1272.440245250208,1446.1916530161127,1.1788372818285433,0.1925584208613636,0.17150524449383164,0.010987057583580038,1.0009954244044392,1.0003668969858401
final_joint_baseline_44mer,heat_capacity,15,297.266,10,1318.558713828491,1442.7404115678137,14353.32853436878,1.1376057692908392,1091.354157990791,1439.2231585650316,1.3744392588026013,0.11586361844512158,0.0753725266776815,0.006553786197078135,1.0002886961137092,1.000417036307584
final_joint_baseline_44mer,heat_capacity,16,298.454,10,1168.687433114749,1403.8057590206367,13840.142208410096,1.2834911692361124,1174.8940726350431,1417.7859335797943,1.2767108413746713,0.06585839237066413,0.1421302063445895,0.011562909219559468,0.9999647878470398,1.0002823615369916
final_joint_baseline_44mer,heat_capacity,17,299.647,10,1308.7705849783692,1428.4969016908608,14268.211256305805,1.1461137782408146,1171.2007034084813,1409.3556552363939,1.2807369357229996,0.0893505947205776,0.11276051318317651,0.011791928196738417,0.9999292931550451,1.0005341830045902
final_joint_baseline_44mer,heat_capacity,18,300.845,10,1240.5202635225994,1430.3824476381449,14061.234612476484,1.2091700910556495,1190.7713018060654,1451.5413188787834,1.259687731577778,0.0797744467371406,0.14168448515392665,0.005978151860375087,1.0000721933283951,0.9996572538090015
final_joint_baseline_44mer,heat_capacity,19,302.047,10,1338.4333684006199,1480.292187830085,14436.793444063489,1.1207132423726454,1315.3291076597989,1488.7154754577414,1.1403990007251972,0.06829166847875917,0.11336399585210302,0.007719160942824675,0.9997984039968744,1.000004612931674
final_joint_baseline_44mer,heat_capacity,20,303.254,10,1184.3078676058578,1384.5987561880575,13640.868350994808,1.2665625560964404,1294.5285744249038,1431.0487969330582,1.1587229742428646,0.09420524645540396,0.1363394619649384,0.007693555288204442,1.0000665826687938,0.9998359547269914
final_joint_baseline_44mer,heat_capacity,21,304.467,10,1311.8868592614194,1443.0701644577107,14257.20473114392,1.1433912836389615,1125.7304003646364,1457.0125830356963,1.3324682353022834,0.06705688764651006,0.08204345731920903,0.006297421039282044,0.999711602167893,0.9998476189854101
final_joint_baseline_44mer,heat_capacity,22,305.683,10,1187.1791331792322,1463.0168542198871,14273.502911328156,1.2634992968441439,1393.4801618676743,1500.0,1.0764415892290549,0.1084649820821702,0.11981654495287584,0.010909882626275236,0.999975648298635,1.0003199581877662
final_joint_baseline_44mer,heat_capacity,23,306.905,10,1200.0767474927297,1492.726299695361,14133.124758481279,1.2499200598077476,1320.297750474726,1444.3121713093333,1.1361073662820833,0.07277757000260458,0.13364969135766824,0.009976958133469702,1.0000177227529246,1.0001991969872386
final_joint_baseline_44mer,heat_capacity,24,308.132,10,971.6788239245868,1455.9697419613103,13479.830657163937,1.543719964938144,1303.3385436530293,1495.411663335066,1.1508905397639535,0.08280196703174447,0.1261131943048693,0.009712007866593994,1.0000618341588108,1.0003138476853768
final_joint_baseline_44mer,heat_capacity,25,309.364,10,1277.8628217996052,1402.9693628796526,13994.693413969298,1.1738349174972948,1248.2081576756423,1438.3400304212062,1.2017226379879085,0.06669067597478513,0.10346649484521803,0.006397468028105062,0.9997975483340681,0.9999390430950864
final_joint_baseline_44mer,heat_capacity,26,310.6,10,1341.5698875697105,1470.1641128048427,14389.160551330704,1.118093074314071,1129.3313096607678,1464.9950081659458,1.3282196173685956,0.13345870831610213,0.05738214976027928,0.0061468265001544216,1.0000755586705312,1.0000532366072015
final_joint_baseline_44mer,heat_capacity,27,311.842,10,1294.44423798077,1423.2487259077561,14313.2561245511,1.1587984680899663,1146.7670785816035,1435.9895546040493,1.3080249930572632,0.10262721745120704,0.06785016171273629,0.00820331637395658,0.9997595850663624,0.9999379824037582
final_joint_baseline_44mer,heat_capacity,28,313.088,10,1319.8306929353178,1410.165932497641,14160.44499332738,1.1365094083878167,1272.9020445069882,1425.6699411724226,1.178409608557876,0.08466180910406897,0.08135256603205594,0.007925036861894335,0.9998004768024654,0.9998487729216589
final_joint_baseline_44mer,heat_capacity,29,314.34,10,1274.5490416982461,1474.014360756284,14328.878527860903,1.1768868446218095,1297.3504132311512,1387.4767375013153,1.156202660978952,0.09984652373322776,0.14533951057208547,0.0069912994345554015,1.0002141606117647,0.9997587746233424
final_joint_baseline_44mer,heat_capacity,30,315.596,10,1274.510834105313,1464.1908951686623,14311.296985156858,1.1769221256192592,1137.257287303626,1398.0285210364673,1.318962750774204,0.11006067536736182,0.08090655789928955,0.005990469760536636,1.0000336783450794,0.9998966978080865
final_joint_baseline_44mer,heat_capacity,31,316.858,10,1264.121536926765,1449.6279176895844,14380.957125371839,1.1865947665496503,1195.8443981777011,1484.7587398296084,1.2543437944650568,0.050290434281574245,0.15548674827421438,0.007755975514819113,0.9999008869693982,0.999767671655875
final_joint_baseline_44mer,heat_capacity,32,318.124,10,996.0104802830341,1469.25081017645,14093.852613834137,1.5060082496057152,1090.4114689850646,1496.7630167183615,1.3756274972017426,0.06816546943899042,0.14015871955275114,0.007184111853305917,1.000005480550801,1.0000958766184096
final_joint_baseline_44mer,heat_capacity,33,319.396,10,1325.1544220182984,1476.320962895182,14482.95597165961,1.1319435494282999,1289.5789392047027,1500.0,1.1631703608040205,0.07531687837969193,0.09287650103467752,0.0035592117662024293,0.9997003498634558,0.9996133368317127
final_joint_baseline_44mer,heat_capacity,34,320.672,10,1259.739285024136,1429.0271343827703,14066.53300198532,1.190722570798656,1198.9067650032669,1427.4858545178845,1.2511398248686274,0.10785180168375852,0.13019406028438238,0.007364974380429492,1.0001180472325437,0.9998685123798912
final_joint_baseline_44mer,heat_capacity,35,321.954,10,1026.7000864424497,1429.9741498645058,13717.114796114012,1.4609914032417688,1254.3389892083737,1452.8965822086798,1.1958489793470148,0.1337655866771844,0.10691847361424515,0.007816980146761545,0.9999822809761593,1.0003211627764257
final_joint_baseline_44mer,heat_capacity,36,323.241,10,1074.2768194755895,1433.4865019426852,13886.695955784076,1.3962881566524241,1286.097200787366,1484.8198633520915,1.16631931014365,0.1259280152122117,0.10374935608903231,0.006552660181880911,1.0000993539690608,0.9997395685852708
final_joint_baseline_44mer,heat_capacity,37,324.533,10,1342.7530533358765,1481.4506003336917,14629.173227038937,1.1171078675065873,1284.5133170643214,1500.0,1.1677574534051236,0.1099491039719827,0.13889124442446965,0.00542837935509321,1.0003055947669304,0.9999903793832935
final_joint_baseline_44mer,heat_capacity,38,325.83,10,1270.9062735141295,1500.0,14500.66904387957,1.1802601271708362,1342.1724522130828,1430.6685093465444,1.117591109493179,0.11076179317318989,0.09207340067093794,0.007925582220313284,0.9998747546748022,1.00008495651458
final_joint_baseline_44mer,heat_capacity,39,327.132,10,1052.483684902448,1418.8818982277462,13773.619882200788,1.4252002396968568,1231.9916201693236,1426.3446954310575,1.217540749014057,0.07820329683255463,0.10409320609701464,0.0045916461267005455,0.9997128213438036,0.9998725815765913
final_joint_baseline_44mer,heat_capacity,40,328.44,10,1251.062912464878,1436.0467568203562,14191.340947821012,1.1989804709698086,1167.117988056771,1412.480403860534,1.2852171034545283,0.10297294933694762,0.13437508036173296,0.005793933695848387,0.999975307313006,0.9997707518371344
final_joint_baseline_44mer,heat_capacity,41,329.753,10,1176.7779029701164,1447.9334227252864,14106.794385340507,1.2746670346325253,1240.0613787532823,1500.0,1.2096175445025565,0.05223977547234749,0.1624800705727731,0.008814624356093252,0.999905924066725,0.9999372406227381
final_joint_baseline_44mer,heat_capacity,42,331.071,10,1301.7238828513239,1500.0,14550.18038427112,1.1523181065975128,1360.3240675142276,1500.0,1.1026784248116757,0.08770595554222121,0.13329167682609117,0.0070029657295514825,0.9999145211321931,1.0002582972300955
final_joint_baseline_44mer,heat_capacity,43,332.394,10,1179.40828770257,1428.7090571870926,14062.51179388877,1.2718241983206062,1207.2399816531615,1386.9077455820425,1.2425035807262952,0.08023489170167772,0.12672237371514156,0.003351743166189835,0.9998997483056037,0.9996677393242074
final_joint_baseline_44mer,heat_capacity,44,333.723,10,1432.6379418855126,1495.8627237581022,14878.685094699533,1.0470195966091973,1353.5269893548534,1469.3584070965858,1.108215803450629,0.11515090748588169,0.10684726378236259,0.009382550218298657,0.9998875561688092,1.0001395056644233
final_joint_baseline_44mer,heat_capacity,45,335.057,10,1301.1194146023483,1457.970939392132,14427.99705656261,1.1528534453991175,1058.6923110040273,1386.8740765586242,1.4168422537965273,0.11432448047084197,0.14818450961179766,0.006794371815356711,1.0003706209822845,1.0000375025072075
final_joint_baseline_44mer,heat_capacity,46,336.396,10,1326.6884165108625,1488.192053219651,14458.57141543048,1.1306347303046032,1087.5501847064738,1410.345308793586,1.379246696928147,0.11074478121080905,0.11432392575484793,0.006856225690047028,1.0000460651442948,1.0000229832322876
final_joint_baseline_44mer,heat_capacity,47,337.741,10,1039.731492048014,1436.5526433092539,13650.879881338067,1.4426801645157163,1075.0432860181597,1434.7666907429395,1.395292654266818,0.08660295003081829,0.0922561891931619,0.007500920014580311,0.9997388106245202,1.0004240544074312
final_joint_baseline_44mer,heat_capacity,48,339.091,10,915.3233742662645,1429.7453720539338,13801.40714026736,1.6387650989492322,1359.9604375578556,1470.26100673052,1.1029732619969592,0.1150036166015448,0.23096686631058877,0.010043879102801143,1.0005842923905253,1.0003887396075664
final_joint_baseline_44mer,heat_capacity,49,340.446,10,1242.7660823618216,1441.548336045538,13882.759479127844,1.206984983971655,1309.6639688535115,1423.2910820706643,1.1453319597034572,0.06512188527150874,0.20645129638192586,0.009507473436965001,1.0001439397332479,1.0003030893313398
final_joint_baseline_44mer,heat_capacity,50,341.807,10,1331.4699938230065,1495.5021790698647,14456.677197482231,1.1265743929332563,1350.0630674944282,1410.8786678092438,1.1110592061331168,0.07917566235339459,0.18826699716684867,0.007579279261283208,1.0001127962346372,0.9998248691347397
final_joint_baseline_44mer,heat_capacity,51,343.173,10,1324.0660812577478,1491.071529843984,14520.534900977958,1.1328739714978049,1194.5872953568705,1447.6406482655846,1.2556637809812723,0.13832145590955158,0.16764693058130634,0.0071205442013145236,1.0002654760427852,1.0000562402390825
final_joint_baseline_44mer,heat_capacity,52,344.545,10,1107.6316115112645,1436.5915355356142,13698.790677350336,1.3542408725166157,1278.174501432079,1419.963360746572,1.173548680809534,0.08326810501717469,0.12934872760616287,0.005143989935399635,0.9999096904278899,0.9998349564872085
final_joint_baseline_44mer,heat_capacity,53,345.922,10,1306.7167050934363,1449.5996366381244,14270.37948666398,1.147915224587829,1242.824179353583,1419.7800873479428,1.2069285623169796,0.08463901804335724,0.1365798748799479,0.0047573244062532735,0.9998551672007892,0.9998105653802373
final_joint_baseline_44mer,heat_capacity,54,347.305,10,1145.0922780952972,1457.6007710585084,14208.697728031706,1.3099380972990602,1374.0044169836328,1453.634122079777,1.0916995472932807,0.09460945352661283,0.164643777086574,0.009192587604568897,1.0001014034623064,1.00013588843199
final_joint_baseline_44mer,heat_capacity,55,348.693,10,1203.447208532027,1484.224106808589,14463.569105882787,1.246419443549759,1270.613703380215,1500.0,1.1805318925882418,0.12038739730691393,0.1561403357382209,0.005796789789731971,1.0000807796628473,0.9999887872556422
final_joint_baseline_44mer,heat_capacity,56,350.086,10,1250.8881856191178,1449.5456808703043,14163.135452645816,1.1991479472304603,1294.6098517263044,1442.419248261724,1.1586502280975362,0.08417686716305574,0.20165939380825001,0.006977713732929524,1.0001958573359062,1.0001644010980686
final_joint_baseline_44mer,heat_capacity,57,351.486,10,1375.423006407911,1500.0,14745.153492247322,1.0905735857344987,1223.8421736189848,1495.3937719257606,1.2256482349880113,0.083388389079587,0.16720984819481596,0.009511865482333558,0.9999541812637799,1.0002740947732451
final_joint_baseline_44mer,heat_capacity,58,352.891,10,1270.9516358090675,1499.3608154087988,14643.014179362248,1.180218001800772,1121.9540645884342,1407.335151178279,1.3369531314548464,0.08315600281410024,0.1692134615081071,0.008351587809471959,0.9999781279296754,1.0001557316550969
final_joint_baseline_44mer,heat_capacity,59,354.301,10,1356.9505890787514,1470.948695013201,14530.099599834013,1.1054197640448842,1206.6584776228317,1464.6523217334106,1.2431023589666097,0.06289643264245667,0.18611300032208633,0.007353684659461696,0.9999982775631393,0.9999554166251495
final_joint_baseline_44mer,heat_capacity,60,355.717,10,1171.104490306407,1433.580319462214,13933.854167929825,1.2808421557734282,1210.2324581004107,1421.240302307112,1.239431309216752,0.08947552180387293,0.14471380184503618,0.006678681014813805,0.9999663985944257,0.9999541744238272
final_joint_baseline_44mer,heat_capacity,61,357.139,10,1140.3285413535866,1447.841808850075,14095.016231972584,1.3154103800817598,1286.802089949816,1431.2329792887022,1.1656804194796564,0.058228908147371805,0.1602021500757366,0.008542588810996676,0.9998926858029781,1.000213148272183
final_joint_baseline_44mer,heat_capacity,62,358.567,10,1249.1606975683205,1441.0226939768786,14133.8344025662,1.2008062716990504,944.0777329386561,1335.443521659632,1.5888522180593219,0.10054021418857279,0.1219210855886343,0.008918499319699054,0.9997775010692996,0.9999733841756695
final_joint_baseline_44mer,heat_capacity,63,360.0,10,1253.1878478193973,1401.3627841979423,14099.325737575226,1.1969474509428628,1253.5359108569435,1419.7529308922465,1.1966151005395358,0.08165345979267138,0.1007103878565772,0.008143586203624643,0.9998162204229544,0.9998578489409303
