bootstrap_index,h,s,Tc,train_loss,validation_loss,all_loss,rg_train_loss,rg_validation_loss,rg_all_loss,combined_train_loss,combined_validation_loss,combined_all_loss,objective
0,334.387009839959,1.3014512118586812,256.9339571034712,2.3929539405340274,1.2488704280505076,3.641824368584535,0.5605147539307239,0.29715474578909273,0.8576694997198165,2.6732113174993892,1.397447800945054,4.070659118444444,2.680109942760394
1,340.62949471448184,1.3219127146322969,257.67926349753833,2.391625489313062,1.2483978422858386,3.6400233315989006,0.5648841514224034,0.2998733156815504,0.8647574671039537,2.674067565024264,1.3983345001266139,4.072402065150877,2.57626730444121
2,346.5813045340549,1.3434337365564397,257.9816890875693,2.3909834653463085,1.2487861441894816,3.63976960953579,0.5735879941996017,0.30519666801484086,0.8787846622144426,2.6777774624461093,1.401384478196902,4.0791619406430115,2.59404389588621
3,325.45710605343135,1.2758849991296055,255.08341760852628,2.3936345664522127,1.2497870104658277,3.64342157691804,0.5604380394016162,0.29709736039712675,0.8575353997987429,2.6738535861530206,1.3983356906643911,4.0721892768174115,2.6198364227020368
4,339.7000539538302,1.3175008043017278,257.83669569285036,2.3925280163414744,1.2485175522346583,3.641045568576132,0.5621654228750668,0.2981666781683678,0.8603321010434346,2.6736107277790078,1.3976008913188422,4.071211619097849,2.655824270095773
5,315.9844196515696,1.2491812715846524,252.9532157096197,2.3958136195930075,1.251636959608264,3.647450579201272,0.562392651534686,0.29817443155476064,0.8605670830894467,2.6770099453603504,1.4007241753856443,4.077734120745995,2.6862414804872077
6,335.74690060104376,1.302563300917716,257.7586059460562,2.3955080998265466,1.2494907186581208,3.644998818484668,0.5574005184247667,0.29509474987512135,0.8524952682998881,2.67420835903893,1.3970380935956814,4.071246452634612,2.6024374504289507
7,350.6336450379468,1.3493368468249585,259.8562737414318,2.393439645901552,1.2484794938022061,3.6419191397037585,0.5647394196879304,0.29964665194558554,0.864386071633516,2.675809355745517,1.398302819774999,4.074112175520517,2.615574014842514
8,323.558021553294,1.2684398341242948,255.08345989202704,2.394758009012932,1.250047558401303,3.6448055674142354,0.5573555424171088,0.2951801254570317,0.8525356678741405,2.6734357802214865,1.397637621129819,4.071073401351306,2.7826910287423043
9,324.6701574405622,1.2696733920458176,255.71155501449314,2.396204612192174,1.250300048126847,3.646504660319021,0.5549077182838389,0.29360753007105456,0.8485152483548934,2.673658471334093,1.3971038131623743,4.0707622844964675,2.620168918680746
10,327.0916868858243,1.2811405024073779,255.31289212322122,2.3932385891921077,1.2496060934859645,3.642844682678072,0.5613435641607234,0.29766157284750344,0.859005137008227,2.6739103712724694,1.3984368799097162,4.072347251182186,2.689043551629098
11,340.90317054087035,1.3191840320896597,258.4197217736642,2.394117663513651,1.2488705006164178,3.642988164130069,0.560179853590723,0.29685130329813186,0.8570311568888548,2.674207590309013,1.3972961522654836,4.071503742574496,2.6362621491953218
12,333.7784097755278,1.2996088597015059,256.82989715243247,2.3930209057743816,1.2489201846160052,3.641941090390387,0.5603332977777236,0.2970427332344991,0.8573760310122227,2.6731875546632433,1.3974415512332548,4.070629105896498,2.6832340236082985
13,341.2840814383615,1.322145209949693,258.12904578865977,2.392545787461178,1.2484575630415586,3.6410033505027366,0.5625057586890956,0.29836798853899904,0.8608737472280947,2.673798666805726,1.397641557311058,4.071440224116784,2.6049986794952864
14,319.8928223041935,1.257377749920824,254.41266343732966,2.395533575987694,1.2505682063511543,3.646101782338848,0.5566389943074046,0.29472139670457015,0.8513603910119748,2.6738530731413963,1.3979289047034393,4.071781977844836,2.6334657070686096
15,352.72685088470786,1.3532167623060873,260.658056203507,2.3964485558787003,1.2494370147413327,3.6458855706200337,0.5633287904366115,0.2985695332464643,0.8618983236830758,2.678112951097006,1.398721781364565,4.076834732461571,2.667792225453785
16,316.7361739230043,1.2453067228554813,254.34390428466494,2.3981915200500765,1.2515097278880147,3.649701247938091,0.5528227114765443,0.29228622603374627,0.8451089375102905,2.6746028757883487,1.3976528409048878,4.0722557166932365,2.664913624234399
17,338.1779730056709,1.3127603420048373,257.60830989852127,2.3927198772421923,1.248621146591174,3.641341023833366,0.5614747903936996,0.2977394273201899,0.8592142177138896,2.673457272439042,1.397490860251269,4.070948132690311,2.5878692465798023
18,321.79229069741217,1.2632026397575478,254.7432063308348,2.395065111299674,1.2502832886826278,3.6453483999823018,0.5571318852604157,0.2950359314116093,0.852167816672025,2.673631053929882,1.3978012543884324,4.071432308318315,2.6920939153179617
19,303.50940895666497,1.2077419790767498,251.30318744793541,2.4005710764884607,1.253743386375904,3.6543144628643645,0.5543937651980668,0.2931944772700539,0.8475882424681207,2.677767959087494,1.400340625010931,4.078108584098425,2.7952889825827487
20,341.4288110125581,1.3246098468404752,257.7580197119559,2.3914740282837563,1.248367364704672,3.639841392988428,0.5656126232206604,0.30032407986961224,0.8659367030902727,2.6742803398940866,1.398529404639478,4.072809744533565,2.6075374443560317
21,351.0471067815891,1.349419568081786,260.14674389271397,2.394698443433218,1.2488550354232089,3.6435534788564268,0.5636930533390268,0.2989195588940684,0.862612612233095,2.6765449701027313,1.3983148148702431,4.074859784972975,2.672739012830454
22,324.6021153205376,1.2737137930880307,254.8469813878378,2.3937008092551184,1.249938767717117,3.6436395769722347,0.5609693784915758,0.2974161764046678,0.8583855548962436,2.6741854985009064,1.398646855919451,4.072832354420356,2.6452958540059432
23,308.0744444793394,1.2181799668685465,252.89731637212486,2.401498311153601,1.2533482438710355,3.6548465550246356,0.5505110374159059,0.2907774267918539,0.8412884642077598,2.676753829861554,1.3987369572669626,4.0754907871285155,2.8045503907169516
24,300.21308396227164,1.1947723469848477,251.27220655876044,2.403840923572907,1.2549560214690165,3.6587969450419235,0.5501609054467962,0.2905136050691935,0.8406745105159896,2.678921376296305,1.4002128240036134,4.079134200299919,2.7164943337904157
25,341.57728067464086,1.325289670893021,257.7378275682746,2.391390092441403,1.2483746473274837,3.6397647397688857,0.5660514419748104,0.300595589946159,0.8666470319209693,2.674415813428808,1.3986724423005632,4.07308825572937,2.6279811808158193
26,340.59804711378416,1.3210768502953592,257.818496355935,2.391964745772196,1.248402890024779,3.6403676357969754,0.5637112863236857,0.2991396707232538,0.8628509570469396,2.673820388934039,1.3979727253864058,4.071793114320445,2.708905640486134
27,334.536026142053,1.3041483288888158,256.5168537439989,2.391983795026283,1.2488762882716633,3.6408600832979463,0.5641299480194057,0.2994031668901244,0.8635331149095302,2.674048769035986,1.3985778717167254,4.072626640752711,2.7294547866700283
28,354.46391398537986,1.3602697003511919,260.5835547861318,2.394341487886255,1.248726679639762,3.6430681675260157,0.5656984928064724,0.3001628403403575,0.86586133314683,2.677190734289491,1.3988080998099408,4.075998834099431,2.5695159962008782
29,329.9977062130133,1.2855203720282113,256.7035990976667,2.3956867283053493,1.2498160741370419,3.645502802442391,0.556008328237001,0.29427210393112146,0.8502804321681223,2.67369089242385,1.3969521261026026,4.070643018526452,2.644101922736307
30,305.8520769325442,1.2168385826944554,251.34975277928277,2.3991826475570805,1.2533607582172663,3.652543405774347,0.5580032196018329,0.2954089728987627,0.8534121925005955,2.678184257357997,1.4010652446666476,4.079249502024645,2.708113507639971
31,350.83267573508664,1.3490077024638276,260.06721466032093,2.3944169860605466,1.2487675663343174,3.643184552394864,0.5638323067054197,0.29902471944688797,0.8628570261523076,2.6763331394132566,1.3982799260577614,4.074613065471017,2.57996885978376
32,328.3256791614858,1.2848906787160161,255.5281041415755,2.39301383539579,1.249460010361297,3.6424738457570873,0.5616669674618617,0.2978665700856514,0.859533537547513,2.673847319126721,1.3983932954041227,4.072240614530844,2.5882358187599634
33,334.27254406622774,1.2999336438910984,257.1458517418227,2.393815630084113,1.2490571375750517,3.6428727676591643,0.5589300652268029,0.29613989493652165,0.8550699601633246,2.6732806626975143,1.3971270850433124,4.070407747740827,2.5781852859858145
34,309.01599299598774,1.2259392601346806,252.06468464191246,2.3981100205348045,1.2525881560043344,3.650698176539139,0.5574187368327609,0.2951013508276203,0.8525200876603811,2.676819388951185,1.4001388314181444,4.076958220369329,2.732594563091925
35,341.8816479178642,1.3240246118397767,258.21396736938914,2.3924700363115656,1.248421620306342,3.640891656617908,0.5628120744074273,0.2985575955503035,0.8613696699577309,2.673876073515279,1.3977004180814938,4.071576491596773,2.5999193676853904
36,342.0593890887277,1.3265695001609352,257.8525957722005,2.3914208112286994,1.2483388293435036,3.639759640572203,0.565914327553886,0.30050997212524155,0.8664242996791276,2.6743779750056422,1.3985938154061244,4.072971790411767,2.675394603102184
37,348.93907514237196,1.3462978047286793,259.18416706673156,2.3917845875561774,1.2481398296717463,3.639924417227924,0.5667623775859204,0.3009956496882046,0.8677580272741251,2.6751657763491377,1.3986376545158485,4.073803430864986,2.6535898511490887
38,335.2364045224919,1.3057341538051315,256.74169856517574,2.3920486490288364,1.2487706058919248,3.6408192549207614,0.5634151243169393,0.29896549608776046,0.8623806204046999,2.673756211187306,1.398253353935805,4.072009565123111,2.7197935691100588
39,337.9098632246237,1.31321632536846,257.31469880243344,2.392023341979608,1.2485559656730614,3.6405793076526693,0.5632492185417932,0.298861113582659,0.8621103321244523,2.673647951250505,1.3979865224643908,4.071634473714895,2.6091184243927117
