model,temp_index,temperature,x_T,s_opt,s_local_sigma,js_at_opt,obs_mean_rg,pred_mean_lat,production_scalar
hs:boot_smoke,0,280,-0.4794117187,0.4668720496,0.005428189315,0.01154670035,1.733019289,3.682716542,0.4632050331
hs:boot_smoke,1,281.119,-0.4654242187,0.4671641078,0.005595904538,0.01142321211,1.725435715,3.674757389,0.4632050331
hs:boot_smoke,2,282.243,-0.4513742188,0.4674842932,0.004341330672,0.01214671028,1.723958365,3.666735177,0.4632050331
hs:boot_smoke,3,283.371,-0.4372742188,0.4674665313,0.004662815761,0.01148435827,1.718107939,3.658656581,0.4632050331
hs:boot_smoke,4,284.504,-0.4231117187,0.4678847048,0.004439575753,0.01089706973,1.714823153,3.650513991,0.4632050331
hs:boot_smoke,5,285.641,-0.4088992187,0.4673233107,0.005192407609,0.01047876785,1.709950734,3.642314156,0.4632050331
hs:boot_smoke,6,286.783,-0.3946242187,0.4674731873,0.00399509909,0.01067497558,1.700945718,3.634049439,0.4632050331
hs:boot_smoke,7,287.929,-0.3802992188,0.4649757875,0.005633023198,0.01073817959,1.694348575,3.625726667,0.4632050331
hs:boot_smoke,8,289.08,-0.3659117188,0.4630164858,0.003762242067,0.01073605209,1.684967521,3.617338185,0.4632050331
hs:boot_smoke,9,290.235,-0.3514742187,0.4638415483,0.004436931133,0.01048259016,1.681340395,3.608890905,0.4632050331
hs:boot_smoke,10,291.395,-0.3369742188,0.4656415659,0.006016760724,0.01090013298,1.677782196,3.600377157,0.4632050331
hs:boot_smoke,11,292.56,-0.3224117187,0.4637893724,0.007195436236,0.01094648191,1.673136472,3.591796567,0.4632050331
hs:boot_smoke,12,293.729,-0.3077992188,0.4645302222,0.005298694061,0.01102167849,1.673847958,3.583156188,0.4632050331
hs:boot_smoke,13,294.903,-0.2931242187,0.4647331189,0.004876174777,0.01128325578,1.672470171,3.574448341,0.4632050331
hs:boot_smoke,14,296.082,-0.2783867188,0.4637767771,,0.01289042137,1.665708368,3.565672726,0.4632050331
hs:boot_smoke,15,297.266,-0.2635867187,0.4639389264,0.005602577455,0.01266804549,1.658451817,3.556829071,0.4632050331
hs:boot_smoke,16,298.454,-0.2487367187,0.4625035066,0.00414341218,0.01068191122,1.653061675,3.547924641,0.4632050331
hs:boot_smoke,17,299.647,-0.2338242188,0.4630334405,0.003146432291,0.0113180299,1.643980839,3.538951772,0.4632050331
hs:boot_smoke,18,300.845,-0.2188492187,0.4626297591,0.003657502781,0.0110321882,1.638402294,3.529910287,0.4632050331
hs:boot_smoke,19,302.047,-0.2038242187,0.4618740195,0.005329226421,0.01148362086,1.630285679,3.520807634,0.4632050331
hs:boot_smoke,20,303.254,-0.1887367187,0.460523438,0.005220703618,0.01158416404,1.620676398,3.511636178,0.4632050331
hs:boot_smoke,21,304.467,-0.1735742188,0.4602778689,0.004740284529,0.01060100974,1.611008911,3.502388221,0.4632050331
hs:boot_smoke,22,305.683,-0.1583742188,0.4595507156,0.004558520207,0.01068912468,1.602426652,3.493086655,0.4632050331
hs:boot_smoke,23,306.905,-0.1430992188,0.4605311068,0.005028292839,0.01026350367,1.606543165,3.4837086,0.4632050331
hs:boot_smoke,24,308.132,-0.1277617187,0.4600297539,0.0049442592,0.01102345599,1.604898091,3.474261765,0.4632050331
hs:boot_smoke,25,309.364,-0.1123617188,0.4631533879,0.002651224907,0.01089803691,1.602065165,3.464746274,0.4632050331
hs:boot_smoke,26,310.6,-0.09691171875,0.4618108024,0.004054718922,0.01198347152,1.604330587,3.455170064,0.4632050331
hs:boot_smoke,27,311.842,-0.08138671875,0.4636422202,0.007417128827,0.01166707293,1.595819553,3.445517867,0.4632050331
hs:boot_smoke,28,313.088,-0.06581171875,0.4608449723,0.004922197874,0.01236846183,1.583513669,3.435805511,0.4632050331
hs:boot_smoke,29,314.34,-0.05016171875,0.4595737119,0.004937479417,0.01148314691,1.573084148,3.426017749,0.4632050331
hs:boot_smoke,30,315.596,-0.03446171875,0.4602476435,0.003860207979,0.01167125731,1.567634268,3.416170621,0.4632050331
hs:boot_smoke,31,316.858,-0.01868671875,0.4603948372,0.003918841135,0.01140648203,1.563123336,3.40624891,0.4632050331
hs:boot_smoke,32,318.124,-0.00286171875,0.4604496309,0.003972737819,0.01113394878,1.558760215,3.396268871,0.4632050331
hs:boot_smoke,33,319.396,0.01303828125,0.4604496251,0.004267450019,0.01126397688,1.560315683,3.386215334,0.4632050331
hs:boot_smoke,34,320.672,0.02898828125,0.4621357697,0.003789003101,0.01104217575,1.557694134,3.37610477,0.4632050331
hs:boot_smoke,35,321.954,0.04501328125,0.4606872673,0.004790892064,0.01077200358,1.553315696,3.365922068,0.4632050331
hs:boot_smoke,36,323.241,0.06110078125,0.4610304029,0.004382929781,0.01084175926,1.545519978,3.355675948,0.4632050331
hs:boot_smoke,37,324.533,0.07725078125,0.460361884,0.003734719659,0.01023986959,1.545560569,3.345367294,0.4632050331
hs:boot_smoke,38,325.83,0.09346328125,0.4609149652,0.003788473108,0.01054837666,1.540479069,3.33499706,0.4632050331
hs:boot_smoke,39,327.132,0.1097382813,0.4607965908,0.003717690201,0.01174481116,1.543821294,3.324566282,0.4632050331
hs:boot_smoke,40,328.44,0.1260882813,0.4608232527,0.003692877725,0.01165027431,1.540026444,3.314068038,0.4632050331
hs:boot_smoke,41,329.753,0.1425007812,0.459905173,0.003995677301,0.01277240761,1.53721879,3.303511526,0.4632050331
hs:boot_smoke,42,331.071,0.1589757813,0.4607296151,0.003469879,0.01374582402,1.531412784,3.292898021,0.4632050331
hs:boot_smoke,43,332.394,0.1755132813,0.4612026378,0.003409872568,0.01412276868,1.52445492,3.282228879,0.4632050331
hs:boot_smoke,44,333.723,0.1921257813,0.4607083408,0.003737663964,0.01507637495,1.516123864,3.271497461,0.4632050331
hs:boot_smoke,45,335.057,0.2088007813,0.4610075871,0.003864801853,0.01473886881,1.51396796,3.260713349,0.4632050331
hs:boot_smoke,46,336.396,0.2255382813,0.466524439,0.004313574908,0.01501222308,1.510717638,3.249878153,0.4632050331
hs:boot_smoke,47,337.741,0.2423507812,0.4609269375,0.003156291705,0.01576116608,1.503180782,3.238985465,0.4632050331
hs:boot_smoke,48,339.091,0.2592257813,0.4667156492,0.005078196145,0.01556306199,1.499723677,3.228045152,0.4632050331
hs:boot_smoke,49,340.446,0.2761632813,0.4674580184,0.003392062268,0.0148083004,1.49532839,3.21705908,0.4632050331
hs:boot_smoke,50,341.807,0.2931757813,0.4594690188,0.003466232148,0.01651414623,1.490338793,3.206021084,0.4632050331
hs:boot_smoke,51,343.173,0.3102507813,0.4659835998,0.003765777493,0.01578050931,1.479211572,3.194941304,0.4632050331
hs:boot_smoke,52,344.545,0.3274007813,0.4672134009,0.004346248996,0.01609332085,1.470779422,3.183813748,0.4632050331
hs:boot_smoke,53,345.922,0.3446132813,0.4664352023,0.003814435604,0.0162767488,1.467424942,3.172648728,0.4632050331
hs:boot_smoke,54,347.305,0.3619007813,0.4671450513,0.004204279742,0.01665659344,1.470738831,3.161440422,0.4632050331
hs:boot_smoke,55,348.693,0.3792507812,0.4672483951,0.003979421128,0.01720548879,1.465347922,3.150199304,0.4632050331
hs:boot_smoke,56,350.086,0.3966632813,0.4603870004,0.003598566522,0.01698723299,1.458615222,3.138927814,0.4632050331
hs:boot_smoke,57,351.486,0.4141632812,0.4610530757,0.002894116471,0.01752555979,1.45967441,3.12761231,0.4632050331
hs:boot_smoke,58,352.891,0.4317257813,0.4607920551,0.003112077905,0.01775136304,1.454219169,3.116271579,0.4632050331
hs:boot_smoke,59,354.301,0.4493507812,0.4673388874,0.003063335347,0.01900582466,1.45157924,3.104908285,0.4632050331
hs:boot_smoke,60,355.717,0.4670507812,0.4668601565,0.004391810112,0.01885615554,1.447867868,3.093517122,0.4632050331
hs:boot_smoke,61,357.139,0.4848257813,0.4673290781,0.003036579016,0.02000469192,1.44744358,3.082100934,0.4632050331
hs:boot_smoke,62,358.567,0.5026757813,0.4741815801,0.002487779525,0.0202362092,1.44793986,3.070662639,0.4632050331
hs:boot_smoke,63,360,0.5205882813,0.4738722084,0.002439111898,0.02009407896,1.448537998,3.059213198,0.4632050331
hs_quadratic:split_sens_run,0,280,-0.4794117187,0.4604056548,0.006651994555,0.0114585318,1.733019289,3.746630033,0.4632050331
hs_quadratic:split_sens_run,1,281.119,-0.4654242187,0.4598737773,0.005754248787,0.01132592374,1.725435715,3.734879428,0.4632050331
hs_quadratic:split_sens_run,2,282.243,-0.4513742188,0.4599935708,0.004883756285,0.01204740961,1.723958365,3.723050116,0.4632050331
hs_quadratic:split_sens_run,3,283.371,-0.4372742188,0.4614877056,0.009906290129,0.01162126221,1.718107939,3.711155462,0.4632050331
hs_quadratic:split_sens_run,4,284.504,-0.4231117187,0.4631720385,0.005055494264,0.01104141443,1.714823153,3.699188023,0.4632050331
hs_quadratic:split_sens_run,5,285.641,-0.4088992187,0.4606505757,0.005368258949,0.01053055825,1.709950734,3.687161739,0.4632050331
hs_quadratic:split_sens_run,6,286.783,-0.3946242187,0.4604496357,0.003799838706,0.01087129491,1.700945718,3.675069701,0.4632050331
hs_quadratic:split_sens_run,7,287.929,-0.3802992188,0.4599621032,0.006110859193,0.01078145741,1.694348575,3.662926463,0.4632050331
hs_quadratic:split_sens_run,8,289.08,-0.3659117188,0.4595284006,0.005074018316,0.01066231869,1.684967521,3.650725717,0.4632050331
hs_quadratic:split_sens_run,9,290.235,-0.3514742187,0.4604240461,0.005465274723,0.01069658366,1.681340395,3.63848267,0.4632050331
hs_quadratic:split_sens_run,10,291.395,-0.3369742188,0.4610236073,0.006793181873,0.01120148474,1.677782196,3.626191674,0.4632050331
hs_quadratic:split_sens_run,11,292.56,-0.3224117187,0.4607870782,0.004330600883,0.01106267758,1.673136472,3.613858039,0.4632050331
hs_quadratic:split_sens_run,12,293.729,-0.3077992188,0.4606467716,0.00459606461,0.01095444302,1.673847958,3.601498011,0.4632050331
hs_quadratic:split_sens_run,13,294.903,-0.2931242187,0.4623037183,0.004489197294,0.01126682498,1.672470171,3.589107041,0.4632050331
hs_quadratic:split_sens_run,14,296.082,-0.2783867188,0.462604951,0.003535117032,0.0128602697,1.665708368,3.576691559,0.4632050331
hs_quadratic:split_sens_run,15,297.266,-0.2635867187,0.4624910553,0.004140590755,0.01265092093,1.658451817,3.564258384,0.4632050331
hs_quadratic:split_sens_run,16,298.454,-0.2487367187,0.4623467305,0.004782774553,0.01069118009,1.653061675,3.551825172,0.4632050331
hs_quadratic:split_sens_run,17,299.647,-0.2338242188,0.463017621,0.003122345829,0.01132192219,1.643980839,3.539388995,0.4632050331
hs_quadratic:split_sens_run,18,300.845,-0.2188492187,0.4626863422,0.003617715961,0.01100349963,1.638402294,3.526957828,0.4632050331
hs_quadratic:split_sens_run,19,302.047,-0.2038242187,0.4620821356,0.004282472703,0.01142296819,1.630285679,3.514550329,0.4632050331
hs_quadratic:split_sens_run,20,303.254,-0.1887367187,0.4609886364,0.004968119564,0.01149896081,1.620676398,3.502164825,0.4632050331
hs_quadratic:split_sens_run,21,304.467,-0.1735742188,0.4621227485,0.003943465879,0.01047015871,1.611008911,3.489800255,0.4632050331
hs_quadratic:split_sens_run,22,305.683,-0.1583742188,0.4603325283,0.004816414104,0.01054046899,1.602426652,3.47749655,0.4632050331
hs_quadratic:split_sens_run,23,306.905,-0.1430992188,0.4628786625,0.003685101606,0.01007732416,1.606543165,3.465233048,0.4632050331
hs_quadratic:split_sens_run,24,308.132,-0.1277617187,0.4639389257,0.004240138316,0.01095963674,1.604898091,3.453030045,0.4632050331
hs_quadratic:split_sens_run,25,309.364,-0.1123617188,0.4658582595,0.006648226829,0.01070115132,1.602065165,3.440897996,0.4632050331
hs_quadratic:split_sens_run,26,310.6,-0.09691171875,0.4664495853,0.004490801948,0.01200147995,1.604330587,3.428857336,0.4632050331
hs_quadratic:split_sens_run,27,311.842,-0.08138671875,0.466115157,0.005092572446,0.0115807645,1.595819553,3.416899595,0.4632050331
hs_quadratic:split_sens_run,28,313.088,-0.06581171875,0.4632180111,0.00327076366,0.01226020305,1.583513669,3.405055278,0.4632050331
hs_quadratic:split_sens_run,29,314.34,-0.05016171875,0.4630222952,0.002109156374,0.01151922079,1.573084148,3.393316857,0.4632050331
hs_quadratic:split_sens_run,30,315.596,-0.03446171875,0.4623751948,0.003825247578,0.01163480032,1.567634268,3.381714745,0.4632050331
hs_quadratic:split_sens_run,31,316.858,-0.01868671875,0.4627200403,,0.01139243578,1.563123336,3.370242308,0.4632050331
hs_quadratic:split_sens_run,32,318.124,-0.00286171875,0.4640020599,0.005016264718,0.01118512837,1.558760215,3.358929689,0.4632050331
hs_quadratic:split_sens_run,33,319.396,0.01303828125,0.4662118251,0.003881780392,0.01135074582,1.560315683,3.347771093,0.4632050331
hs_quadratic:split_sens_run,34,320.672,0.02898828125,0.4662013957,0.004979366124,0.01122938479,1.557694134,3.336796201,0.4632050331
hs_quadratic:split_sens_run,35,321.954,0.04501328125,0.4665299287,0.004082888222,0.01106152885,1.553315696,3.325999998,0.4632050331
hs_quadratic:split_sens_run,36,323.241,0.06110078125,0.4653033473,0.005505129179,0.0110253733,1.545519978,3.315403375,0.4632050331
hs_quadratic:split_sens_run,37,324.533,0.07725078125,0.4664562594,0.00449909747,0.01100375466,1.545560569,3.305018511,0.4632050331
hs_quadratic:split_sens_run,38,325.83,0.09346328125,0.466360168,0.005279069045,0.01115259336,1.540479069,3.294857529,0.4632050331
hs_quadratic:split_sens_run,39,327.132,0.1097382813,0.4664752956,0.00419199326,0.01239331528,1.543821294,3.284932471,0.4632050331
hs_quadratic:split_sens_run,40,328.44,0.1260882813,0.466526382,0.004065668898,0.01223563682,1.540026444,3.275247972,0.4632050331
hs_quadratic:split_sens_run,41,329.753,0.1425007812,0.4675121398,0.003942940526,0.01363953757,1.53721879,3.26582357,0.4632050331
hs_quadratic:split_sens_run,42,331.071,0.1589757813,0.4675057923,0.004377241737,0.01452873872,1.531412784,3.256670906,0.4632050331
hs_quadratic:split_sens_run,43,332.394,0.1755132813,0.467486579,0.0041386047,0.01500185134,1.52445492,3.247801431,0.4632050331
hs_quadratic:split_sens_run,44,333.723,0.1921257813,0.4736979859,0.003068480069,0.01592264045,1.516123864,3.239220048,0.4632050331
hs_quadratic:split_sens_run,45,335.057,0.2088007813,0.4682348734,0.005360773124,0.01520668418,1.51396796,3.230944603,0.4632050331
hs_quadratic:split_sens_run,46,336.396,0.2255382813,0.4741767237,0.002883820515,0.014954345,1.510717638,3.222985861,0.4632050331
hs_quadratic:split_sens_run,47,337.741,0.2423507812,0.4672094714,0.003731441385,0.01618027649,1.503180782,3.215348775,0.4632050331
hs_quadratic:split_sens_run,48,339.091,0.2592257813,0.4742439433,0.002829638071,0.01541275379,1.499723677,3.208049645,0.4632050331
hs_quadratic:split_sens_run,49,340.446,0.2761632813,0.4682675473,0.004249766798,0.01501098573,1.49532839,3.201098397,0.4632050331
hs_quadratic:split_sens_run,50,341.807,0.2931757813,0.4674679398,0.003133438145,0.01676642365,1.490338793,3.194499944,0.4632050331
hs_quadratic:split_sens_run,51,343.173,0.3102507813,0.4663232741,0.003552306571,0.01586954232,1.479211572,3.188268867,0.4632050331
hs_quadratic:split_sens_run,52,344.545,0.3274007813,0.4672369416,0.004150480462,0.01610504675,1.470779422,3.182410027,0.4632050331
hs_quadratic:split_sens_run,53,345.922,0.3446132813,0.4606977817,0.003963685236,0.01615253805,1.467424942,3.176936796,0.4632050331
hs_quadratic:split_sens_run,54,347.305,0.3619007813,0.4667146451,0.00445991504,0.01646836899,1.470738831,3.171853974,0.4632050331
hs_quadratic:split_sens_run,55,348.693,0.3792507812,0.4603357601,0.003203242296,0.01661611256,1.465347922,3.167173679,0.4632050331
hs_quadratic:split_sens_run,56,350.086,0.3966632813,0.4598699212,0.003541061378,0.01601143956,1.458615222,3.16290356,0.4632050331
hs_quadratic:split_sens_run,57,351.486,0.4141632812,0.4602048579,0.00416455424,0.01604144212,1.45967441,3.159045715,0.4632050331
hs_quadratic:split_sens_run,58,352.891,0.4317257813,0.4599192497,0.003019184732,0.01587659425,1.454219169,3.155613552,0.4632050331
hs_quadratic:split_sens_run,59,354.301,0.4493507812,0.4602801759,0.003778200117,0.01677824259,1.45157924,3.152613682,0.4632050331
hs_quadratic:split_sens_run,60,355.717,0.4670507812,0.4600745443,0.003357373011,0.01597465176,1.447867868,3.150050712,0.4632050331
hs_quadratic:split_sens_run,61,357.139,0.4848257813,0.4598281174,0.00317896271,0.01634116215,1.44744358,3.147931503,0.4632050331
hs_quadratic:split_sens_run,62,358.567,0.5026757813,0.4607364588,0.003280199301,0.01642556606,1.44793986,3.146262564,0.4632050331
hs_quadratic:split_sens_run,63,360,0.5205882813,0.4601757389,0.004556768948,0.01665043212,1.448537998,3.145050732,0.4632050331
