replicate,h1,s1,h2,s2,train_objective,validation_objective,all_objective,train_rmse,validation_rmse,all_rmse,T_bias_zero,T_rg_max_slope,collapse_detected
0,169.78470296897598,-2.936030254001823,278.76800683178453,10.0,0.006201296313390488,0.005336731680450938,0.005868771454567583,0.07874830990815287,0.07305293752102607,0.07660790725876529,,311.76,True
1,132.65401254724344,-3.036378646707267,304.59672339710363,10.0,0.007767877352154546,0.0056973146838717945,0.006971507095122719,0.08813556235796392,0.07548055831717061,0.08349555134929476,,317.88,True
2,848.4391433812688,-3.0861833018833003,-1391.7999042464937,9.99810370827688,0.005758631351529833,0.00416439531548471,0.005145463645358631,0.07588564654484953,0.06453212622783097,0.07173188722847483,,312.48,True
3,441.33403450704515,-2.848210690266022,-280.66288877457794,10.0,0.0065160114859452445,0.006123245171622043,0.00636494751889786,0.08072181542770977,0.0782511672221063,0.07978062119899706,,313.2,True
4,1119.2148656310246,-3.0605125852533166,-2000.0,9.998470411669594,0.005645209130925042,0.004261730865028788,0.005113102105580329,0.0751346067463259,0.06528193368022112,0.07150595853200158,,311.52,True
5,423.7519390383515,-2.9002330193947445,-281.3358394717876,10.0,0.0061808422167650865,0.00556704979684338,0.005944768209102892,0.07861833257431174,0.07461266512357925,0.07710232298123638,,311.4,True
6,1188.3606713151582,-1.2150524646288423,-802.2861255364348,10.0,0.017105253705377833,0.019510386620397953,0.018030304826539417,0.13078705480810338,0.13967958555350152,0.13427697057403185,,317.15999999999997,True
7,1092.714308940182,-2.569139825379121,-2000.0,8.672822883847104,0.005896018646090085,0.003952822810694331,0.005148635632476334,0.07678553669858722,0.06287147851525628,0.07175399384338361,,310.32,True
8,1174.5166309034114,-2.881399337178493,-1999.9999996440663,10.0,0.006197237140618873,0.005731238805082652,0.006018007011566481,0.0787225326105485,0.07570494571084938,0.07757581460459491,,311.28,True
9,370.80876284508423,-3.1161995659672854,-313.5097752712224,10.0,0.005886838714375126,0.0040798249819658785,0.005191833432679261,0.07672573697511889,0.06387350766918848,0.07205437830332909,,311.15999999999997,True
10,861.9913952733743,-3.069839124931581,-1414.9207013575267,10.0,0.005711713497087335,0.004264202025314637,0.005154978315636298,0.07557587906923303,0.06530085776859777,0.07179817766236339,,310.32,True
11,1141.2575085767328,-2.990132623615536,-2000.0,10.0,0.005735001000081599,0.004754430314606041,0.005357858428744846,0.07572978938358141,0.0689523771497839,0.0731973935925648,,311.64,True
12,444.87820464734045,-2.8347741978434517,-280.57211723822684,10.0,0.0065318104970134,0.0062212136800930806,0.006412350182813277,0.08081961703085087,0.07887467071305643,0.08007715144042823,,312.6,True
13,441.217065305554,-2.8351405994858196,-280.6671786183166,10.0,0.006976476020715384,0.006398902401619269,0.006754332321063033,0.08352530167988251,0.07999313971597358,0.08218474506295577,,309.12,True
14,135.49677205659202,-3.0340696198771786,286.02880451650157,10.0,0.0060498533950131645,0.004663525710798395,0.005516650439545945,0.07778080351226235,0.0682900117938077,0.0742741572792714,,310.68,True
15,854.5858117087982,-3.044333124471053,-1379.0842261757678,10.0,0.005687478636356741,0.004394635279607982,0.005190231191453372,0.07541537400528317,0.06629204537203526,0.07204325916734593,,310.68,True
16,109.29411009244198,-3.1005911962477835,300.7115844759495,10.0,0.006103997211638143,0.004301228953863058,0.005410624804801572,0.07812808209368859,0.0655837552589287,0.07355694939841899,,311.52,True
17,661.8046406164146,-3.1076066734435823,-978.1562753756932,10.0,0.005755803890530518,0.004050617502097315,0.005099962971902364,0.07586701450914302,0.06364446167654586,0.07141402503641958,,311.28,True
18,851.642951517978,-3.217364129970752,-1495.3616023562781,10.0,0.006511100211980607,0.003960898753059126,0.005530253497010806,0.0806913887102001,0.06293567154689879,0.07436567418514274,,310.32,True
19,750.0869245997192,0.41288946877081695,-0.020945963408098442,5.680876483783742,0.013279610692859104,0.017740361525336035,0.014995284089965618,0.11523719318370743,0.1331929484820275,0.12245523300359858,,313.08,True
20,361.3519535361101,-3.1180780685919376,-282.8530148376666,10.0,0.007379976963200018,0.005017157882968319,0.006471200393880133,0.08590679229956161,0.07083189876721023,0.08044377162888457,,317.03999999999996,True
21,441.8991337338923,-2.8717857722307074,-280.57220751988314,10.0,0.01070290768868179,0.008353270141951436,0.009799200939939346,0.10345485821691405,0.09139622608155895,0.09899091342107792,,321.12,True
22,681.2588727880884,-2.961686953166149,-904.280957732287,10.0,0.008124806115950631,0.006380737366243741,0.007454010442986442,0.09013770640498144,0.07987951781429167,0.0863366112549389,,318.48,True
23,443.2182719205932,-2.8359822413838804,-280.4924813990233,10.0,0.006526135748474446,0.006192217360883731,0.006397705599401094,0.08078450190769543,0.07869064341383752,0.07998565871080324,,311.4,True
24,175.01710354011868,-2.9225750825397423,279.6039914905731,10.0,0.00632626144953722,0.0054937185571484,0.00600605264477229,0.07953779887284548,0.07411962329335195,0.07749872673000692,,313.2,True
25,445.15456439561535,-2.82524931777861,-280.67429159438336,10.0,0.006801126218575781,0.006385311493668211,0.006641197478226715,0.08246894093278864,0.0799081441010127,0.08149354255538727,,309.96,True
26,815.2400309526201,-3.187077447218635,-1386.9332644329386,10.0,0.006284443474654254,0.003939281721366737,0.005382458184928288,0.07927448186304502,0.06276369748004604,0.07336523825987541,,312.24,True
27,1169.747105622236,-2.9021708405411375,-2000.0,10.0,0.006153110944400272,0.005582028258062394,0.005933463757347242,0.07844176785616368,0.07471297248846678,0.07702897998381675,,312.96,True
28,457.51541938827495,-2.7889623802909593,-280.68264686128185,10.0,0.0068409488082343,0.006682900349527213,0.006780160939500806,0.08271002846229894,0.08174900824797333,0.08234173267244749,,311.03999999999996,True
29,689.8762764231444,-2.886031489945922,-887.4481176964902,10.0,0.006312763274280088,0.005738902036908319,0.006092047413752485,0.07945289972228885,0.07575554129506513,0.07805156893844277,,310.32,True
30,666.0005120843556,-3.0367770020365965,-939.9890254221485,10.0,0.005795613722896476,0.004511623033379962,0.00530177115000551,0.07612892829205253,0.06716861643193167,0.07281326218488984,,309.96,True
31,750.0790151345424,-1.2071296790905943,-0.02500165585358763,9.426385451758927,0.013740214441008787,0.018831562298241837,0.015698425155329192,0.11721866080538877,0.13722813960060026,0.1252933563894319,,311.4,True
32,781.9168443445939,-2.9926176548816374,-1174.953585544662,10.0,0.005801755426763627,0.004776591732358592,0.005407461698146305,0.07616925512806087,0.06911289121689666,0.07353544518221336,,310.56,True
33,182.76480663838174,-2.9102012085454962,272.3247799489735,10.0,0.0064980470344641545,0.005673385099614637,0.00618086936721434,0.08061046479498896,0.07532187663364899,0.0786185052466297,,314.03999999999996,True
34,1842.208722105288,4.385608925367959,717.692151664783,5.369087988188023,0.06321945540946003,0.05353350286596263,0.059494089046576416,0.2514347935538358,0.23137308155004252,0.2439141017788361,,346.92,True
35,385.20941309425683,-3.0672764615046417,-305.7877718495586,10.0,0.006209725071138367,0.004542850660001717,0.005568619528393501,0.07880180880626007,0.06740067254858602,0.07462318358522035,,314.52,True
36,114.41152510830584,-3.0729909203371184,313.08977581081655,10.0,0.006319081041375267,0.004568627727017952,0.0056458297666224545,0.07949264771898887,0.0675916246810058,0.07513873679150092,,314.03999999999996,True
37,1842.2070523481846,4.586007445830095,717.6920488627323,5.33707138156228,0.037076360323252434,0.0443619445747289,0.039878508112281844,0.19255222752087922,0.2106227541713594,0.19969603930043742,,336.84000000000003,True
38,443.73865819076553,-2.8385998938929116,-280.6696285473023,10.0,0.0065109493864577515,0.006182876074390704,0.006384767343355043,0.08069045412226747,0.07863126651905528,0.07990473917956958,,312.6,True
39,837.3589638628357,-3.1063966346004515,-1382.972984825001,10.0,0.005732024655840628,0.004052879313923934,0.005086199524334207,0.07571013575367982,0.06366222831415763,0.0713175961760785,,310.92,True
40,1140.7851462762467,-2.999282011382331,-2000.0,10.0,0.006107183859102666,0.004923079926043283,0.005651759269464442,0.07814847317192235,0.07016466294398686,0.07517818346744248,,314.4,True
41,112.5991772041718,-3.111798425438641,284.75929116729645,10.0,0.00613412848828122,0.004261243849781987,0.005413788242704592,0.07832067727159425,0.06527820348157558,0.07357844958073384,,311.28,True
42,633.2070119715413,-3.035018067045764,-859.1415894968982,10.0,0.005709282018189378,0.004444662146802751,0.005222889759963753,0.07555979101472805,0.06666829941435998,0.07226956316433464,,312.0,True
43,1144.366912727574,-2.9756803923410295,-1999.999999999992,10.0,0.0058883358297201465,0.004942511522381422,0.005524557249974484,0.07673549263359261,0.070302997961548,0.07432736541795683,,310.2,True
44,783.2001055596379,-3.285628460294786,-1393.0169907113648,10.0,0.008767953172239464,0.005344248178443797,0.007451143559241131,0.09363734923757434,0.07310436497531318,0.0863200067147885,,304.8,True
45,352.34227611755335,-2.98888730033346,-181.68945749053714,10.0,0.005936616202964636,0.004864879141939751,0.005524409641031987,0.07704943999124611,0.06974868559291816,0.07432637244633958,,310.56,True
46,848.4011982127754,-3.0663370468217854,-1376.0822538895595,10.0,0.005792473342860734,0.004307219924442289,0.005221222028084411,0.07610830009178193,0.06562941356162105,0.07225802397024438,,312.96,True
47,1089.716456254055,-3.1620093503463123,-2000.0,10.0,0.006320572217155926,0.004093937816872123,0.0054641743708929245,0.07950202649716501,0.06398388716600549,0.07392005391565218,,313.68,True
48,380.3879681974215,-3.053802371108056,-282.9625811401275,10.0,0.006557840152858338,0.00484330204149843,0.005898402417719912,0.0809804924216835,0.06959383623208618,0.07680105739975142,,315.6,True
49,1244.362150069585,-2.6464465195495226,-2000.0,9.978387765857676,0.007649867223024203,0.008142848355936816,0.007839475351067517,0.08746351938393632,0.09023773244013181,0.08854081178229346,,311.28,True
50,122.87942983883372,-3.0009954271154182,346.4202086920988,10.0,0.006460884343612671,0.0050801254278633485,0.005929823222170624,0.0803796264212062,0.07127499861707012,0.07700534541296873,,314.76,True
51,192.55436754579176,-2.8869918332904185,285.49421574714,10.0,0.01179842911823983,0.008919172581882944,0.010691022758102567,0.10862057410196206,0.09444137113512777,0.1033974020858482,,322.44,True
52,1114.7612712405776,-3.065128997111106,-1999.9999999988863,9.966677960708711,0.005808431014224548,0.004242210839517286,0.005206038639337139,0.07621306327805324,0.06513225652099953,0.07215288379085856,,313.08,True
53,2000.0,5.6340533528813035,-1741.843350203331,-2.7998101941779545,0.014098156382081794,0.014486833536552803,0.014247647595339873,0.11873565758474491,0.12036126260783743,0.1193635103176003,354.98421380358116,318.36,True
54,396.8521904721299,-2.99327722981144,-280.70328913188996,10.0,0.006077440907584794,0.004911879368316741,0.005629148007866311,0.077957943197501,0.0700848012647303,0.0750276482895893,,313.92,True
55,649.0863786239312,-3.1072703194709703,-950.8181553551124,10.0,0.005824977282572712,0.004120515507129082,0.005169415061248238,0.07632153878540915,0.06419124166994343,0.0718986443630771,,309.96,True
56,134.15018895479523,-3.0455732748285476,282.3651984286144,10.0,0.006000457407229285,0.004553881740090579,0.005444082150637476,0.07746261941884798,0.0674824550538181,0.07378402368153607,,311.52,True
57,237.7954282783451,-3.088983268876862,17.546533297916746,10.0,0.00622562041756712,0.0044195490591590215,0.005530977587410158,0.07890260082891513,0.06647968907237023,0.07437054247086113,,314.03999999999996,True
58,129.89115625649126,-3.0117719449957026,315.50465547607445,10.0,0.006058234054950773,0.004793983642498926,0.005571983896315447,0.07783465844307903,0.06923859936840812,0.07464572255873371,,311.15999999999997,True
59,113.00049399971839,-3.082204216153793,301.14251532265314,10.0,0.006302310971872154,0.0045841265818615945,0.005641470821868093,0.07938709575159023,0.06770617831381118,0.07510972521496861,,309.36,True
60,1083.6175278150854,-3.0633880745841875,-1917.400189707078,9.999997616497668,0.005723988582729218,0.004288695070091044,0.005171952616329921,0.07565704582343417,0.06548812923035016,0.07191628894993067,,312.6,True
61,1188.2699027792328,-1.1551320502935742,-802.27114959708,10.0,0.015519785660955604,0.020120838048199897,0.017289421194511104,0.1245784317647144,0.1418479398799993,0.1314892436456728,,310.08,True
62,361.27689590042155,-3.154970804173528,-317.8380521101206,10.0,0.0061109456220615945,0.0039952278802509135,0.005297208029057486,0.07817253751837402,0.06320781502512893,0.07278192103165103,,311.76,True
63,834.6382022960049,-2.637156359914688,-1376.8248067522077,8.921705098904805,0.0057977277486852595,0.004116543883107114,0.005151118569616742,0.07614281153651511,0.06416029834022839,0.07177129349271018,,310.08,True
64,817.6845622135927,-2.9786087359338365,-1244.8983925008354,10.0,0.005783407164860263,0.004848823430434562,0.00542395188238884,0.07604871573445711,0.06963349359636181,0.07364748388362524,,311.76,True
65,1340.4269332907443,-1.1395998275949615,-935.6813538982784,10.0,0.05918237147290418,0.059470934074431846,0.05929335708887636,0.24327427211463235,0.24386663173634857,0.24350227327250223,,342.96,True
66,369.94868732371447,-2.923713205241359,-176.30206725721476,10.0,0.006197649224908302,0.005419763991237216,0.005898462596573269,0.07872514988812852,0.07361904638907799,0.07680144918276782,,310.44,True
67,441.446892773231,-2.8844221033946993,-280.6052632595911,10.0,0.014468620819273664,0.010654516539968654,0.013001657634925584,0.12028558026327871,0.10322071759084343,0.11402481148822648,,324.72,True
68,338.94907542190975,-3.183450816129329,-285.6351837528375,10.0,0.006413873219127252,0.004032274267672485,0.0054978736224138795,0.0800866606815845,0.06350019108374781,0.07414764745029932,,312.36,True
69,1842.2042838195362,5.059423678684816,717.6950660311169,4.312455276322308,0.029552371378161933,0.029542752266531313,0.02954867171984247,0.17190803174419145,0.17188005197384398,0.17189727083302536,,336.48,True
70,750.0641904302856,-1.4445759993614817,-0.03094775204380239,10.0,0.01465379862757633,0.01847558458185951,0.01612371630230063,0.1210528753379131,0.1359249225928031,0.12697919633664653,,309.96,True
71,1188.26505911269,-1.1547841303184123,-802.2816628273202,10.0,0.015554300806683626,0.020103919805021252,0.017304154267582715,0.12471688260489687,0.1417882922001011,0.13154525558750765,,310.08,True
72,93.60885794114083,-3.144284633797142,302.73162350489594,10.0,0.006435583186116768,0.004318825086357583,0.00562144545544016,0.0802220866477354,0.06571776842192363,0.07497629929144382,,309.72,True
73,106.2756599851719,-3.033018881721101,352.7836002761622,10.0,0.006184682399885704,0.0047673993883620884,0.005639573549299698,0.07864275173139419,0.069046356807308,0.07509709414684232,,310.08,True
74,390.4970676808561,-3.044916760090768,-303.7447425631414,10.0,0.005960528472556022,0.0045222218921952256,0.0054073336339557155,0.0772044588903777,0.06724746755228204,0.0735345744120119,,313.56,True
75,152.2330647952443,-2.967203331913645,294.2984987669264,10.0,0.006221789836283632,0.005165757111366914,0.005815623403623358,0.07887832298092824,0.07187320162179305,0.07626023474671027,,310.44,True
76,375.0524533799132,-3.027544150380257,-310.52547246183735,9.826246611836494,0.0059868613338694854,0.004195670446822919,0.005297941761928498,0.07737481071944206,0.06477399514328971,0.07278696148300531,,312.96,True
77,156.41433708511826,-2.993535115355084,278.126338004612,10.0,0.007069239927503933,0.005499061292488454,0.006465325067882595,0.08407877215744729,0.07415565583614277,0.0804072451205897,,316.44,True
78,104.6037272070997,-3.14036745587116,283.3583207610352,10.0,0.006276323545738451,0.004189696147923232,0.005473774546578752,0.07922325129492257,0.06472786222271854,0.07398496162450009,,311.64,True
79,1379.7429876705287,4.160962092083689,-2000.0,-4.674732472675117,0.011324448742002313,0.007115656460387561,0.009705682479842796,0.10641639320143449,0.08435435057178474,0.09851742221476766,331.59229936161074,308.88,True
80,337.8174944779818,-3.038778514013142,-185.93471206718434,10.0,0.006041457887018991,0.004656285878063345,0.005508699422036051,0.07772681575247369,0.06823698321338176,0.07422061318822454,,309.36,True
81,92.6417488955807,-3.1740693728322644,288.3065687635003,10.0,0.006585680393164977,0.004198413814343284,0.005667500939772018,0.08115220510352739,0.06479516814040445,0.07528280640207309,,312.36,True
82,1134.4491414441925,-2.2326954699799,-2000.0,8.186495097232193,0.005992676837514652,0.004723437352633605,0.005504507804868096,0.0774123816809343,0.06872726789734629,0.07419237026047959,,314.03999999999996,True
83,440.9581882478728,-2.8395594772861004,-280.66914006414623,10.0,0.006667208033947267,0.006222991711725747,0.006496355602323605,0.08165297320947515,0.07888594115383138,0.08059997271912445,,310.2,True
84,72.31555987764722,-3.2366133180975076,288.01801781269364,10.0,0.007267731138111107,0.004374143090109502,0.006154812658110489,0.0852509890740929,0.06613730482949469,0.07845261409354368,,310.44,True
85,102.22537142000253,-3.0557962380742936,363.39472720397583,10.0,0.008751591688774932,0.0062340075595605175,0.007783290100615543,0.09354994221684443,0.07895573164476735,0.08822295676645361,,319.32,True
86,1127.7795435452647,-0.5917975080187378,-2000.0,4.342812941310917,0.006528474560456538,0.004854497921350507,0.005884637391569602,0.08079897623396312,0.06967422709546556,0.07671139023358657,,315.6,True
87,156.45069937273917,-2.968040513727853,283.9897052655419,10.0,0.006213253227773557,0.005155551078740275,0.005806444708914602,0.07882419189419931,0.07180216625381351,0.07620003089838351,,310.44,True
88,153.82189181025504,-2.987636296470672,286.2302978945465,10.0,0.006668558844491902,0.00528817207224855,0.006137640855167537,0.08166124444613798,0.07271981897838133,0.07834309704860752,,315.36,True
89,765.9836933363873,-3.070258864823698,-1192.161814159036,10.0,0.005672779384869663,0.004222027700809036,0.0051147979679232675,0.07531785568422446,0.06497713213746076,0.07151781573792133,,311.15999999999997,True
90,1340.413267825685,-0.7107346104264793,-935.6789515236393,10.0,0.03564063880066317,0.023023100196662098,0.030787739337585832,0.18878728453119709,0.15173364886096327,0.17546435346698153,,296.4,True
91,110.96693922267839,-3.030092033729975,345.3821690072747,10.0,0.006090241385947969,0.004712320005040872,0.005560271624060623,0.07803999862857487,0.06864634007025336,0.07456722888816925,,310.8,True
92,922.4486258312231,-3.0909514931355875,-1565.6428339002819,10.0,0.005744611462846947,0.004134788975405805,0.005125448967677276,0.07579321515047997,0.06430232480560719,0.07159224097398598,,312.36,True
93,463.58497102798805,-2.769509526128133,-280.5606887314818,10.0,0.006954416471881809,0.006884165754587479,0.006927396965230144,0.08339314403403801,0.08297087292892295,0.08323098560770588,,311.15999999999997,True
94,857.9343327123362,-2.983141507421839,-1380.5914771198857,9.873764032091538,0.005664306665365567,0.004409892343051128,0.0051818396183215525,0.07526158824636621,0.06640702028438807,0.0719849957860772,,311.52,True
95,1139.3647638401733,-2.993024003019503,-2000.0,10.0,0.00578318410656024,0.00477067634021398,0.0053937580425809095,0.07604724917155281,0.06907008281603534,0.0734422088623491,,310.56,True
96,750.07040713006,-1.4981321580646152,-0.021907955867358567,10.0,0.015579650494019735,0.018045617073861646,0.016528099178574316,0.12481847016375315,0.13433397587305174,0.12856165516426085,,316.92,True
97,1125.4557531491578,-3.0411895691943727,-2000.0,10.0,0.005649721913859128,0.004385219059982309,0.005163374662368044,0.07516463206760962,0.06622098655246922,0.07185662573742274,,311.64,True
98,113.37985101665092,-3.066999847857193,317.77481510584056,10.0,0.00612238600556986,0.004486894666975759,0.0054933508753413594,0.07824567723248269,0.06698428671692906,0.07411714292484134,,312.96,True
99,75.30896279865053,-3.220769931385086,286.11253851451085,10.0,0.007920552269901526,0.00503860225911219,0.006812109958059472,0.08899748462682261,0.07098311249242449,0.0825355072563286,,306.36,True
100,1136.634087135825,-3.0040991738947014,-1999.9999999999986,10.0,0.005703838710494004,0.004649388437773112,0.005298280913293661,0.0755237625551985,0.06818642414566929,0.07278929119928056,,311.28,True
101,116.59586356968816,-3.0875817602659126,299.36587601682976,10.0,0.006612175169131816,0.004668657044355056,0.005864668198063832,0.08131528250662243,0.0683275716263578,0.07658112168193824,,315.0,True
102,801.721740111216,-3.225294184909408,-1387.8058216849702,10.0,0.006724158020271473,0.004095535843962555,0.005713149490921889,0.08200096353257974,0.06399637367822145,0.07558537881708266,,308.88,True
103,393.01995217663625,-3.027373208482574,-302.4686533981772,10.0,0.005815339041198918,0.004560097302430166,0.005332553757057089,0.0762583703025374,0.06752849252300962,0.073024336745068,,310.68,True
104,378.7578633330673,-3.05229207119302,-282.64591690574247,10.0,0.005904601774968179,0.004443550086830251,0.005342658817992053,0.07684140664360706,0.06665995864707877,0.07309349367756375,,313.2,True
105,1089.7215326525477,-3.1538654809632316,-2000.0,10.0,0.005946140846473923,0.003937077668742976,0.005173424239654328,0.07711122386834438,0.06274613668380688,0.07192651972432927,,310.2,True
106,162.302554796344,-2.95793407724947,279.94747099011784,10.0,0.0061359129439619384,0.005162274944626818,0.005761436790371508,0.07833206842642379,0.07184897316334325,0.07590412894152404,,311.52,True
107,1144.2292591693692,-3.0014015030262917,-2000.0,10.0,0.008472071576360695,0.006400085408364689,0.007675153819439155,0.09204385680946173,0.08000053380049842,0.08760795522918655,,319.08,True
108,1166.121422353987,-2.9049513051697198,-2000.0,10.0,0.006209802073281196,0.005571218355412976,0.005964192951024188,0.0788022973858072,0.07464059455425698,0.07722818754201206,,310.08,True
109,355.51628390755536,-2.9922313831525265,-188.4127781065831,10.0,0.005865667936838749,0.004791522323570733,0.005452535008658743,0.07658764872248494,0.06922082290446085,0.07384128255020184,,312.0,True
110,108.92083088203913,-3.0861162674309117,309.9537726759856,10.0,0.00612323811720661,0.004416901711149617,0.005466954884107766,0.07825112214662874,0.06645977513616501,0.07393885909390113,,310.56,True
111,812.7085126084563,-3.1940324902620594,-1393.4566797220446,10.0,0.00672708840148372,0.004313490212067386,0.005798781405554361,0.08201882955446096,0.06567716659591358,0.07614973017387758,,307.44,True
112,364.78685330788056,-2.973390026351249,-199.09775123038912,10.0,0.00596257972081812,0.00497391128020345,0.005582322628274017,0.07721774226703419,0.07052596174603683,0.07471494246985684,,310.68,True
113,1999.9999961084554,-0.47510367107207635,-1999.9999999999866,10.0,0.04678594946776124,0.03948288809932743,0.043977079710671316,0.2163005997859489,0.1987030148219383,0.20970712842121347,,334.32,True
114,365.84355428027044,-3.11119748209793,-298.88335953524006,10.0,0.00587777292799595,0.004106300109023311,0.005196437228391088,0.07666663503764821,0.06408041907652688,0.07208631790007787,,310.92,True
115,367.1165191375615,-3.123835326213045,-313.03623095707775,10.0,0.006039831394436391,0.004169516228098177,0.005320479407383232,0.07771635216887364,0.06457179127218152,0.07294161642973943,,309.6,True
116,148.31533840274716,-3.0003968449015335,281.85952725918855,10.0,0.0060358290878910065,0.004843637157103111,0.0055772937298956635,0.07769059845239323,0.06959624384335056,0.0746812809872438,,311.52,True
117,134.91439704805003,-3.0374734356264566,286.79769463235056,10.0,0.005999724275380246,0.004597909309159596,0.005460564672987688,0.07745788710893324,0.06780788530222423,0.07389563365306294,,311.64,True
118,366.4132641884409,-3.148967752020307,-313.071501619464,10.0,0.008902241853710677,0.005897756123670229,0.007746670419079734,0.09435169237332565,0.07679684969886609,0.08801517152786634,,319.2,True
119,852.5560179708513,-3.0560635444740964,-1381.2434245521943,10.0,0.005656929467159362,0.004295791402402603,0.0051334148268683,0.07521256189732778,0.06554228713130633,0.07164785291178166,,311.4,True
120,90.05187364513453,-3.1573236651932524,302.15265665537123,10.0,0.0064811560535119085,0.004270856167614056,0.005631040712781966,0.08050562746486675,0.06535178779202644,0.07504026061243368,,309.96,True
121,837.3322761001195,-3.203490514277619,-1454.901241957927,9.999986222182494,0.006510832051401822,0.004073138740699598,0.005573257701131735,0.0806897270499896,0.06382114650098036,0.07465425440744643,,308.76,True
122,1037.741694556919,-3.155996517226971,-1877.5410199537291,9.999999992945787,0.006065870090847943,0.003965504943628474,0.0052580373419173765,0.07788369592442274,0.06297225534811719,0.07251232544828069,,312.6,True
123,-252.30061914758963,-3.161176343435643,1087.899537694486,10.0,0.007890249175565526,0.005306426868838703,0.00689647136528598,0.08882707456381486,0.07284522543611698,0.08304499602797256,,311.64,True
124,1999.9999995295022,0.09543796075896765,-1459.995638042855,10.0,0.07200986751472507,0.06745792479282867,0.07025912031399567,0.26834654369811634,0.2597266347389668,0.26506437013298423,,345.24,True
125,811.2293011821799,-3.191318382296721,-1387.2568299752456,10.0,0.0065563805100503445,0.004192992890115281,0.005647385271613781,0.08097147960887428,0.06475332339050469,0.07514908696460511,,308.03999999999996,True
126,145.20509582032778,-3.01620935368679,286.2271441591038,10.0,0.006772883085134741,0.005182126997249639,0.006161053820563547,0.08229752781909515,0.07198699186137478,0.07849238065292419,,315.72,True
127,99.80002906259818,-3.1478501709538307,288.35352432937697,10.0,0.0063263828084476345,0.004190717409335253,0.005504973039558256,0.07953856177004733,0.06473575062772698,0.07419550552127976,,311.15999999999997,True
128,443.7233697216064,-2.8419590154500307,-280.6306484565648,10.0,0.0066193977284389645,0.006226809361593958,0.006468402202729346,0.08135968122134553,0.07891013472041444,0.08042637753081601,,313.68,True
129,1051.1991321476173,-1.0352501570959145,-1910.3723443589308,5.0703361431597544,0.008745073466133867,0.005664366800142328,0.007560186286906353,0.09351509753047295,0.07526198775040643,0.08694933172202275,,318.72,True
130,1135.6783284488936,-2.988137899264029,-1998.328883854591,9.962603678128968,0.0057092495290792,0.004652072120593541,0.005302642833507793,0.07555957602500957,0.0682061003180327,0.07281924768567576,,311.15999999999997,True
131,671.0398723438635,-3.105067950650474,-992.5323387255647,10.0,0.006152446944204868,0.004297588803079484,0.00543903996684895,0.07843753530169639,0.0655559974607929,0.07374984723271602,,314.15999999999997,True
132,189.5154379456454,-2.8679522319531743,280.6150223415696,10.0,0.006538743875583706,0.005965989103841586,0.006318453578759814,0.08086249981038,0.07723981553474597,0.07948870095025969,,311.15999999999997,True
133,442.39304504596527,-2.842794146889433,-280.6887746813696,10.0,0.006484558421903061,0.006138357770403853,0.006351404325172597,0.08052675593803006,0.07834767239940095,0.07969569828524371,,312.6,True
134,440.5821068768083,-2.842715732290064,-280.73369105832853,10.0,0.006553518261505981,0.0061500808593956836,0.006398350029925098,0.0809538032553504,0.07842245124577325,0.07998968702229743,,310.8,True
135,152.92189837893844,-2.9737606312319276,287.71146053258377,10.0,0.00622511009535287,0.005130668396576215,0.005804170980438773,0.07889936688816249,0.07162868417454152,0.07618510996539135,,310.32,True
136,818.2107139877844,-3.174964001157536,-1388.3656287249748,10.0,0.006105722176880264,0.003919502217767683,0.005264868346452348,0.07813912065591898,0.06260592797625224,0.07255941252830227,,310.32,True
137,822.9613886897399,-2.4553701116032856,-1380.1297881555386,8.410993785419265,0.0061536868948494725,0.004156562690318962,0.005385562200799276,0.07844543896779131,0.06447140986762243,0.07338638975177397,,308.76,True
138,441.92059353076047,-2.8426863045786934,-280.6554877745704,10.0,0.0064677276351145785,0.006124128753842406,0.006335574219240666,0.08042218372510522,0.07825681282701466,0.07959632038756984,,312.12,True
139,441.56234381162625,-2.850511712953448,-280.7131370417087,10.0,0.006668621466768922,0.0061959461587343225,0.006486823271370998,0.08166162787239134,0.07871433261315453,0.08054081742427871,,314.03999999999996,True
140,748.0416803081492,-3.1749193583302335,-1222.2106914302979,10.0,0.006280240900453095,0.0039951343556050255,0.0054013537678192225,0.07924797095480171,0.0632070752021087,0.07349390292955751,,312.84000000000003,True
141,792.9684817331387,-2.9516761661741344,-1172.7261300032708,10.0,0.00604381445771622,0.005174929378181451,0.005709627888664386,0.07774197359030847,0.07193698199244566,0.07556207970049783,,309.84000000000003,True
142,103.96330041168252,-3.1210325096124065,295.3881810787493,10.0,0.006310539877010626,0.004362106771785447,0.005561142528847095,0.07943890656983281,0.06604624721954645,0.07457306838830688,,309.72,True
143,418.53438063757807,-2.915636525676936,-281.14420997577,10.0,0.006135082288213403,0.005438542161560358,0.005867182239500692,0.07832676610337876,0.07374647219738961,0.07659753416070711,,311.03999999999996,True
144,124.3094946408147,-3.052413735544775,297.5005252710023,10.0,0.006141130734068322,0.00462910320730785,0.005559581685314293,0.07836536692996672,0.06803751323577199,0.07456260245803048,,310.08,True
145,622.5208917971412,-3.0569685755742366,-854.1566423009549,10.0,0.005798767659796391,0.004395770776160166,0.0052591534737824585,0.0761496399190199,0.06630060916884675,0.07252002119265037,,309.84000000000003,True
146,2000.0,6.350408140178684,-2000.0,-5.335764684693058,0.00929116708115824,0.0061782202770615455,0.008093879848813358,0.09639070017983187,0.07860165568906005,0.08996599273510718,314.9403874289764,317.03999999999996,True
147,837.1578461540839,-3.108222747529345,-1384.5272971108434,10.0,0.00575657589107881,0.004065507310364929,0.005106164898496548,0.07587210219229996,0.06376133083903542,0.0714574341723557,,310.44,True
148,1340.4059801075039,-0.85115988066188,-935.6794277603824,10.0,0.016423498930674605,0.02127041376804891,0.018287696945049333,0.12815419981676218,0.14584379921014437,0.13523201153961045,,310.2,True
149,183.99679384913463,-2.8909980260462627,278.5820620835161,10.0,0.006382498994403434,0.005730633720793873,0.0061317815814766795,0.0798905438359474,0.07570094927273946,0.07830569316133201,,311.88,True
150,109.25720958862743,-3.1260922393669657,284.02083951339426,10.0,0.006233345014335583,0.004228625715339227,0.005462299130106215,0.07895153585799064,0.06502788413703176,0.07390736857787737,,312.36,True
151,358.8507102966204,-2.972820182134066,-185.46554453893202,10.0,0.00599419555406049,0.004997610689104798,0.005610893682923686,0.07742219032073744,0.07069378112044084,0.0749058988526517,,310.44,True
152,441.6000633177276,-2.8779582404969344,-280.6391429189825,10.0,0.012296408642881404,0.009296121431162627,0.011142452022989567,0.11088917279374666,0.09641639607018418,0.10555781365199626,,322.8,True
153,377.2602560458651,-3.0551790204781564,-284.87371897533956,10.0,0.0057757556028088545,0.004362739257402691,0.005232287777652638,0.07599839210673377,0.06605103524853105,0.07233455452031648,,311.28,True
154,1131.7085506371711,-3.017360026410889,-2000.0,10.0,0.0057446769890464894,0.004601033401700892,0.0053048140708366436,0.0757936474188074,0.06783091774184463,0.07283415456251718,,310.32,True
155,135.4496540608169,-3.05954924491313,272.619860171618,10.0,0.006106974940633127,0.004519063699911596,0.0054962398480479235,0.07814713648389893,0.06722398158329805,0.0741366295973045,,313.2,True
156,822.79363282456,-3.1647540583472575,-1385.7688691772582,10.0,0.0064090596826070784,0.004132441625631737,0.005533437353001178,0.08005660299192739,0.06428406976562497,0.07438707786303464,,313.92,True
157,1025.5349473028505,-3.1300430098339245,-1839.1654063230742,9.99147258641362,0.005953576331790163,0.004076628568407018,0.0052316733458735686,0.07715942153612974,0.0638484813320334,0.07233030724304694,,309.36,True
158,627.1782833448472,-3.0487890065272305,-858.0852474528667,10.0,0.005735731089694895,0.0043951933234854055,0.005220139641152783,0.07573460958963804,0.06629625421911411,0.07225053384683593,,310.44,True
159,787.2250066791851,-2.33478058971723,-1176.2248442381278,8.52123345140342,0.005935974661502001,0.004952596487078256,0.005557752286723638,0.0770452766981987,0.07037468640838307,0.07455033391423299,,310.08,True
160,1189.9726855178208,-1.2104392546110396,-802.5954825922289,10.0,0.01713017585795228,0.019527759720578082,0.018052323497423736,0.1308822977256752,0.1397417608325374,0.13435893530920723,,317.15999999999997,True
161,370.9762683072761,-3.081748709009364,-286.1702658855094,10.0,0.005909893566158887,0.00427230003079653,0.005280049898711827,0.07687583213311507,0.06536283371149487,0.07266395185173889,,312.96,True
162,657.7308164615995,-3.082637292828673,-953.806524131773,10.0,0.005818069554849345,0.0042635686580241045,0.005220184594531945,0.07627627124374489,0.06529600797923335,0.0722508449399171,,309.72,True
163,161.61608710974525,-2.9623780216677025,277.73798551764344,10.0,0.006138785877736915,0.005138534600999374,0.005754073848222476,0.07835040445164859,0.07168357274159383,0.07585561184396628,,311.15999999999997,True
164,131.27067384816266,-3.068488900508156,279.9436159437799,10.0,0.006668505674765486,0.004813151126049584,0.005954907771413216,0.08166091889493704,0.06937687745963769,0.07716804890246491,,315.36,True
165,1091.1547270069073,-3.1281562705446966,-1985.3149426856735,9.999683648737877,0.005827606353352343,0.0040061943396185115,0.005127063271147023,0.07633876049132801,0.06329450481375545,0.07160351437706827,,310.2,True
166,938.0089846042067,-2.998243622780052,-1568.2217273824474,9.89979267808521,0.00565558363321021,0.004383991801526724,0.005166509851793484,0.07520361449564913,0.06621171951797297,0.07187843801720711,,311.4,True
167,399.41817856156035,-2.66763411393905,-258.40242684612844,9.363947174475172,0.006134228885418083,0.005253988416378974,0.005795674858864579,0.07832131820531421,0.0724844011934911,0.07612932982014606,,310.44,True
168,750.1482703769781,-1.4452274990133431,-0.022868734382963263,10.0,0.014559626321505151,0.018520995556056016,0.016083229873255483,0.12066327660686639,0.13609186440069082,0.12681967462998586,,310.08,True
169,450.48206843152457,-2.7829301344886184,-280.6080538477612,9.931515701401686,0.006667529307725691,0.006430081290813172,0.006576203147374722,0.08165494049796185,0.08018778766628477,0.0810937922863071,,311.4,True
170,395.6910800104134,-3.008462571137004,-281.8270217772069,10.0,0.007444464692861979,0.005671743711714553,0.006762648930882201,0.08628131137657784,0.07531098002094086,0.08223532653842995,,317.4,True
171,721.4757303139099,-2.9553400729925627,-1007.3713346991228,10.0,0.0058746878767895975,0.005048067745078588,0.005556757056900747,0.07664651248941205,0.0710497554188513,0.07454365873030883,,311.28,True
172,145.00329747750882,-3.0065696923171106,282.89846018839506,10.0,0.006126947496540277,0.0048772656555014175,0.0056463006346022535,0.07827482032263171,0.06983742303021652,0.07514187004994122,,310.32,True
173,441.5278535670078,-0.5579249730487239,-280.60947798595197,4.743051938559903,0.007372200112796611,0.00635522222554027,0.006981054771544172,0.08586151706554346,0.07971964767571586,0.08355270654828706,,312.84000000000003,True
174,441.45008241228095,-2.8527798150341193,-280.67213057371885,10.0,0.006815913355999402,0.006262662364000002,0.00660312451292271,0.08255854502109035,0.07913698480483068,0.08125961181868094,,314.64,True
175,1160.3714344295468,-2.9111559079605236,-1988.3958795282902,9.999419862896266,0.0060364740192591715,0.005440521423853056,0.005807261482564511,0.07769474898124822,0.07375989034599398,0.07620539011490271,,311.4,True
176,443.02672751368556,-2.8471720631364903,-280.56812880709947,10.0,0.006808202291388843,0.0062969047771102,0.006611549401281672,0.0825118312206731,0.07935303886499999,0.08131143462811163,,314.52,True
177,744.8687010840978,-3.0774053909225567,-1147.9073641836844,10.0,0.005682431077157731,0.0041807544663162634,0.005104863149911014,0.07538190152256528,0.06465875398054206,0.07144832503222881,,311.52,True
178,388.0217420423159,-3.0148379215799284,-280.5130281226575,10.0,0.005798222164414576,0.00461649865512108,0.005343713122378616,0.07614605810161532,0.06794482066442652,0.07310070534802394,,311.52,True
179,94.67857820820947,-2.726502302937082,347.8707455756301,9.158018342115193,0.007127377554507215,0.004962676472695371,0.006294800215348813,0.08442379732342781,0.07044626656321377,0.07933977700591811,,315.96,True
180,440.96419907470766,-2.838121940250858,-280.6699728630781,10.0,0.006772430172537899,0.006281523946473791,0.006583620085590166,0.08229477609507119,0.0792560656762231,0.08113951001571408,,309.72,True
181,1340.4135830126543,1.2039901189596098,-935.6608346183913,5.264210122941536,0.01627326331413909,0.02078211902575819,0.018007438587838744,0.12756670143160043,0.144160046565469,0.13419179776662485,,310.2,True
182,1338.7610257282527,4.336842078418896,-936.3123370491851,-2.064405699254973,0.015224204920239584,0.010654588670063685,0.013466660208633466,0.12338640492469008,0.1032210669876246,0.11604594007820121,308.6948986199496,315.24,True
183,578.7196884462095,-3.017151727747372,-719.7075085978249,10.0,0.005778553550734144,0.0045926422489939705,0.005322433819295615,0.07601679781952239,0.06776903606363285,0.07295501229727547,,312.6,True
184,925.7141607898589,-2.926675527277789,-1459.2227125781646,9.999280162263462,0.0060019085753048726,0.005310094556047286,0.005735826260205801,0.07747198574520259,0.07287039560786868,0.0757352379028798,,310.92,True
185,441.91408115695066,-2.841007384261235,-280.6312051649198,10.0,0.006486519177364383,0.006138873123151027,0.006352809156513093,0.08053892957672322,0.07835096121395721,0.07970451151919253,,311.64,True
186,106.87886948969063,-3.1128255952482595,296.5661587148466,10.0,0.0061576767168142685,0.0042783889989303145,0.005434873748397364,0.07847086540120651,0.06540939534142105,0.07372159621438866,,310.92,True
187,371.6200268381375,-3.0731248474085078,-281.5444745231325,10.0,0.005890814906392584,0.004311447795598381,0.005283366017625581,0.07675164432370543,0.06566161584669068,0.07268676645460012,,312.84000000000003,True
188,370.73002171298197,-3.0837363102212727,-290.07996285197254,10.0,0.005802383702161018,0.004211235128193808,0.005190403481404399,0.07617337922240958,0.06489402998885034,0.07204445489698981,,311.28,True
189,136.0015409986336,-2.9781138911452874,323.7692809203203,10.0,0.0062206792054283,0.005101825450667137,0.005790350838212468,0.0788712825141591,0.07142706385304619,0.07609435483800667,,310.32,True
190,667.7581453776717,-2.9658085549609012,-892.4425586400946,10.0,0.0058975911970068524,0.0049948477780667536,0.005550382189722198,0.07679577590601486,0.07067423701793146,0.07450088717406121,,310.56,True
191,966.3802526604076,-3.0468543278012463,-1638.3084754659694,10.0,0.005662186896627341,0.00436285002173273,0.005162441944744798,0.0752475042551402,0.066051873718561,0.07185013531472852,,310.92,True
192,359.72565178681793,-2.9535382096507687,-173.18534009884985,10.0,0.0060296805496654025,0.005135266558192336,0.0056856751683296075,0.07765101769883896,0.07166077419475969,0.0754034161582193,,310.8,True
193,2000.0,5.577899921885222,-2000.0,-3.8403249449673122,0.024129085309630375,0.016900850009335965,0.021348994809517137,0.15533539619040593,0.13000326922556973,0.1461129522305163,358.5578852271768,333.0,True
194,1085.517082085673,-1.7258400182015943,-2000.0,6.6614583124484295,0.00620966246272078,0.003955113631452016,0.005342528296848176,0.07880141155284454,0.06288969415931371,0.07309260083516099,,312.48,True
195,141.56672942882955,-3.02320630613107,282.0008615667874,10.0,0.006003028103874217,0.004682290286328027,0.0054950520202026055,0.07747921078505006,0.06842726274174664,0.07412861809181799,,311.88,True
196,880.9554457285489,-2.959595619439456,-1372.7305882999958,10.0,0.006116872504375018,0.005175920955060727,0.005754968062331061,0.07821043731098183,0.07194387364509036,0.07586150580057754,,314.03999999999996,True
197,791.2862319837127,-2.9710089335613663,-1183.3638663696715,10.0,0.006044310294202728,0.005061051811723215,0.0056661339547875314,0.0777451625131926,0.07114106979602722,0.07527372685597233,,309.48,True
198,177.34220515051072,-2.90728420723808,279.23162176209166,10.0,0.006430422785664485,0.005651561480301401,0.006130860745140221,0.08018991698252645,0.0751768679867777,0.07829981318713489,,310.56,True
199,441.84215186850594,-2.8381801720441064,-280.58222374934206,10.0,0.006590831794776911,0.006199638348787176,0.006440372777088551,0.08118393803442224,0.07873778221913019,0.08025193316729853,,310.68,True
