temperature,K_best_contact_grid,K_best_rg_grid,K_best_combined_grid,K_best_combined_quadratic,JS_contact_min,JS_contact_overlap_at_contact_min,JS_rg_min,JS_contact_at_combined,JS_contact_overlap_at_combined,JS_rg_at_combined,combined_score_best,second_best_score_gap,contact_rg_K_difference,contact_rg_disagreement_raw,contact_rg_disagreement_resolved,K_old,K_difference_from_old,old_mapping_comparison_resolved,contact_boundary_hit_low,contact_boundary_hit_high,rg_boundary_hit_low,rg_boundary_hit_high,combined_boundary_hit_low,combined_boundary_hit_high,n_direct_seeds_at_best_K
280.0,-0.4,-0.08,-0.32,-0.32895306945091524,0.05482918782409285,0.017787977013207414,0.056023593529523935,0.05972029217328569,0.02300757492798971,0.061721816887687325,0.06072105453048651,0.00214770808263591,0.32,True,,-0.4387662565068686,0.11876625650686862,True,True,False,False,False,False,False,2
281.119,-0.4,-0.08,-0.32,-0.3237670663659996,0.05561593800871881,0.019042564829901333,0.05568837431724713,0.06025351628596101,0.02399843893038196,0.06263808630453843,0.06144580129524972,0.002356433808754152,0.32,True,,-0.4295583387475117,0.1095583387475117,True,True,False,False,False,False,False,2
282.243,-0.4,-0.08,-0.32,-0.32214620598488236,0.05557199896809617,0.019525957411337173,0.056303263277993565,0.05980713932946067,0.024048076206689945,0.06368229331662695,0.061744716323043805,0.00256136255207208,0.32,True,,-0.42038278025466425,0.10038278025466424,True,True,False,False,False,False,False,2
283.371,-0.4,-0.08,-0.32,-0.3147702339893516,0.05384255907847556,0.019873364184774298,0.05582784626602939,0.05741909987654342,0.023691844179687255,0.06383677755590951,0.060627938716226466,0.0023680989696105367,0.32,True,,-0.4112477478336387,0.0912477478336387,True,True,False,False,False,False,False,2
284.504,-0.4,-0.08,-0.32,-0.3112162908941979,0.053453669292500776,0.019624048531393254,0.054746718134992045,0.056739357640141985,0.023135376768059407,0.06341722219922712,0.06007828991968455,0.0019685769352181665,0.32,True,,-0.4021451426480176,0.08214514264801759,True,True,False,False,False,False,False,2
285.641,-0.4,-0.08,-0.32,-0.3066401315745426,0.05332019294056029,0.020156017646561487,0.053985846850703054,0.05625347785826466,0.0232936702429652,0.06352188722867146,0.05988768254346806,0.0017250023408776696,0.32,True,,-0.39308299531016444,0.07308299531016443,True,True,False,False,False,False,False,2
286.783,-0.4,-0.08,-0.32,-0.2965084519041658,0.05365090449979886,0.02111678735926063,0.054310361499044134,0.05558078769911712,0.023209129548299248,0.06465632891183738,0.06011855830547725,0.0010495833549774153,0.32,True,,-0.3840533283753451,0.06405332837534511,True,True,False,False,False,False,False,2
287.929,-0.4,-0.08,-0.32,-0.298671671379971,0.05369152189683603,0.022193463467720942,0.053601826462077284,0.055517755312471315,0.02416419161434001,0.06395742202417436,0.059737588668322836,0.0012642741209615976,0.32,True,,-0.37506403858741577,0.055064038587415765,True,True,False,False,False,False,False,2
289.08,-0.4,-0.08,-0.32,-0.28927739192586976,0.054192607281507155,0.023741615484652152,0.05246787926411861,0.05522638342649615,0.02488245524129483,0.06384828221724757,0.05953733282187186,0.000596845147835881,0.32,True,,-0.3661072681265465,0.046107268126546475,True,True,False,False,False,False,False,2
290.235,-0.4,-0.08,-0.32,-0.28374650535183504,0.05470323188383692,0.025135677060934572,0.05182671196288577,0.05541288701658076,0.025938330540023646,0.06408875266517955,0.059750819840880154,0.00023841995176140246,0.32,True,,-0.35719078216101274,0.037190782161012736,True,True,False,False,False,False,False,2
291.395,-0.4,-0.08,-0.32,-0.2822293381039371,0.053888884227758796,0.02408513196312255,0.05102451539499566,0.05434001553863,0.02461998704871152,0.06330215604022633,0.05882108578942817,0.00014199555294657634,0.32,True,,-0.3483068407474319,0.028306840747431894,True,True,False,False,False,False,False,2
292.56,-0.32,-0.08,-0.24,-0.23688827107819513,0.05331410576382027,0.0251924731678625,0.04925482855921973,0.05659010964940554,0.028681238289374605,0.0586105053299803,0.05760030748969292,0.00041920978848140195,0.24,True,True,-0.33945551226179593,0.09945551226179594,True,False,False,False,False,False,False,2
293.729,-0.32,-0.08,-0.16,-0.19366469569527014,0.05066072665979525,0.02314526406946385,0.04858969126364715,0.057345318742430984,0.03025525973553196,0.053306393102218394,0.05532585592232469,0.00034054657716717923,0.24,True,True,-0.3306443679783666,0.1706443679783666,True,False,False,False,False,False,False,2
294.903,-0.32,-0.08,-0.16,-0.1909319256355662,0.04995556141224697,0.024188181420972676,0.04899555208639996,0.05622259695733429,0.030839588037706093,0.05382286291796469,0.05502272993764949,0.00048584803346813504,0.24,True,True,-0.3218658408532329,0.16186584085323288,True,False,False,False,False,False,False,2
296.082,-0.32,-0.08,-0.16,-0.18025152909102765,0.0499717904970499,0.024629069135116134,0.049352743120462714,0.054854754909838384,0.02983589747290247,0.05466227988008273,0.05475851739496056,0.001012987385825101,0.24,True,True,-0.3131199876283637,0.15311998762836368,True,False,False,False,False,False,False,2
297.266,-0.32,0.0,-0.16,-0.17437724213476902,0.051302348223864126,0.02565347020904684,0.0497808003970269,0.05530018744480504,0.02995358991934427,0.05529824071233712,0.05529921407857108,0.0013819338759287897,0.32,True,True,-0.30440686085000634,0.14440686085000634,True,False,False,False,False,False,False,2
298.454,-0.32,0.0,-0.16,-0.17175852728065652,0.05118805570716238,0.02591015887296835,0.04832659828585952,0.05508128111379404,0.030096763723875368,0.0542454868747399,0.05466338399426697,0.0015112598408029074,0.32,True,True,-0.2957337804311162,0.1357337804311162,True,False,False,False,False,False,False,2
299.647,-0.24,0.0,-0.16,-0.16093001547243857,0.05161172297857814,0.02712094831768485,0.04773197651552906,0.05416930566904306,0.029852405830480745,0.05483727909820696,0.05450329238362501,0.002021065605464202,0.24,True,True,-0.2870934036408028,0.12709340364080282,True,False,False,False,False,False,False,2
300.845,-0.24,0.0,-0.16,-0.160948229310724,0.05072840516165992,0.02678850133379608,0.047622328517288835,0.053155136847600974,0.02937914896982471,0.05444205310042795,0.05379859497401446,0.002050551083236596,0.24,True,True,-0.27848577222602855,0.11848577222602855,True,False,False,False,False,False,False,2
302.047,-0.24,0.0,-0.16,-0.14879506625918065,0.05089088737716579,0.026665880329894587,0.04688644306169501,0.05240534310963961,0.028318478677524003,0.054567543836891955,0.05348644347326578,0.0015139585028163538,0.24,True,True,-0.2699180235420877,0.10991802354208771,True,False,False,False,False,False,False,2
303.254,-0.24,0.0,-0.16,-0.1442105193007023,0.04934778593089163,0.026621221387271955,0.04699706992168615,0.05064788235137943,0.028041798033861497,0.05530820236810029,0.05297804235973986,0.0012985778676023185,0.24,True,True,-0.26138297920855513,0.10138297920855513,True,False,False,False,False,False,False,2
304.467,-0.24,0.0,-0.16,-0.12494765646754971,0.05036164747525457,0.027524546302959446,0.04593391799463299,0.05048832739118521,0.027739412144202197,0.05546045547996742,0.052974391435576314,0.00023338815476318248,0.24,True,True,-0.2528736836088823,0.09287368360888229,True,False,False,False,False,False,False,2
305.683,-0.16,0.0,-0.08,-0.11675337075257083,0.05121504228381196,0.028577077090422884,0.043378180113414364,0.05807785806608226,0.035728050521241804,0.04663018570647917,0.052354021886280716,0.00027300457352574803,0.16,True,True,-0.2444111260454458,0.16441112604544578,True,False,False,False,False,False,False,2
306.905,-0.16,0.0,-0.08,-0.11581506735920333,0.05073267437417195,0.02925313639505559,0.04424602844800989,0.05737889237569346,0.0361656115034609,0.047457311776800244,0.05241810207624685,0.0003573210555341613,0.16,True,True,-0.23597436923117754,0.15597436923117752,True,False,False,False,False,False,False,2
308.132,-0.16,0.08,-0.08,-0.11139200251721981,0.049582968841291555,0.028964127389733633,0.043381874785251046,0.05575395767721468,0.035376342537500105,0.04687374568257123,0.051313851679892955,0.0007278139717699431,0.24,True,True,-0.2275704209347158,0.14757042093471578,True,False,False,False,False,False,False,2
309.364,-0.16,0.08,-0.08,-0.1069584570871688,0.048883712362749146,0.028426428003326988,0.04159677114873063,0.05461775746115138,0.03438972221128854,0.04559571221354526,0.050106734837348316,0.0011089112917577401,0.24,True,True,-0.2191992982591191,0.1391992982591191,True,False,False,False,False,False,False,2
310.6,-0.16,0.08,-0.08,-0.09974993506548684,0.048565564598939084,0.029069740856212584,0.04139900085354843,0.05378694466569442,0.034493883759083584,0.046694156509380656,0.05024055058753754,0.0017391666842305198,0.24,True,True,-0.21086772877239413,0.1308677287723941,True,False,False,False,False,False,False,2
311.842,-0.16,0.08,-0.08,-0.09724827415653103,0.04840789139329428,0.028273656579460744,0.041991357340808444,0.05313245333311868,0.03318972320778187,0.04744271600488316,0.05028758466900092,0.001953253664415802,0.24,True,True,-0.20256224157463554,0.12256224157463554,True,False,False,False,False,False,False,2
313.088,-0.16,0.08,-0.08,-0.09026448382434499,0.0482506647876529,0.02897378647328542,0.04063225827624625,0.05236947746474589,0.033264332545191774,0.04704935673345012,0.049709417099098006,0.002488929365110394,0.24,True,True,-0.19429621896854132,0.11429621896854132,True,False,False,False,False,False,False,2
314.34,-0.16,0.08,-0.08,-0.09080716132833129,0.047215487538442735,0.028801617942403546,0.0408854851286812,0.051335683506490384,0.03308701398670426,0.04742748760896437,0.04938158555772738,0.002440103582149973,0.24,True,True,-0.18605639690166087,0.10605639690166087,True,False,False,False,False,False,False,2
315.596,-0.16,0.08,-0.08,-0.08343018926902723,0.047662145920058366,0.029539259958976646,0.039717886119549614,0.051144300630469375,0.03317352730602404,0.04745814922866937,0.04930122492956937,0.0028585335817349483,0.24,True,True,-0.17785593951319645,0.09785593951319645,True,False,False,False,False,False,False,2
316.858,-0.16,0.08,-0.08,-0.07096936525814647,0.04692555787901135,0.02923432928789766,0.037900895091469655,0.04887486320983535,0.03129367975729972,0.04674632277589022,0.047810592992862784,0.0024408167163267394,0.24,True,True,-0.16968178648317456,0.08968178648317456,True,False,False,False,False,False,False,2
318.124,-0.16,0.08,-0.08,-0.0677007796110408,0.04595336492912741,0.02899579750553362,0.03760598019640318,0.0477396840810109,0.030882190703881554,0.04677426537070006,0.04725697472585548,0.0020687017770013444,0.24,True,True,-0.1615468873874908,0.08154688738749079,True,False,False,False,False,False,False,2
319.396,-0.16,0.08,-0.08,-0.06032986028286468,0.045761329116330234,0.029420771647948533,0.037760483222232716,0.046822783204966065,0.0305653404863699,0.04762746701808991,0.04722512511152799,0.0014651757819842542,0.24,True,True,-0.15343838255761066,0.07343838255761066,True,False,False,False,False,False,False,2
320.672,-0.16,0.08,-0.08,-0.06183510975076775,0.04579189095870098,0.03005591440424251,0.03774814103820712,0.04714407153828944,0.03149576546745278,0.047753617435626436,0.047448844486957936,0.001576997900256047,0.24,True,True,-0.1453690105602503,0.06536901056025031,True,False,False,False,False,False,False,2
321.954,-0.16,0.08,-0.08,-0.05612267235430502,0.04493585357750235,0.02947245931982749,0.03664860401825844,0.04578459603597601,0.030398693990281844,0.04701432824593908,0.04639946214095755,0.0011570448835623928,0.24,True,True,-0.1373261093315279,0.05732610933152789,True,False,False,False,False,False,False,2
323.241,-0.16,0.08,-0.08,-0.05103362787721691,0.04551983241928014,0.031074284302867128,0.03660717129052897,0.04595474954866359,0.03157429365495827,0.04784664241296331,0.04690069598081345,0.0007775993020129324,0.24,True,True,-0.12931601084542366,0.049316010845423655,True,False,False,False,False,False,False,2
324.533,-0.08,0.08,-0.08,-0.04303580264130237,0.04611440596977745,0.03149177309571595,0.03768707262757158,0.04611440596977745,0.03149177309571595,0.049408440589776004,0.04776142327977673,0.00020373382432320453,0.16,True,True,-0.12133869507342943,0.041338695073429424,True,False,False,False,False,False,False,2
325.83,-0.08,0.08,0.0,-0.03871902058751827,0.04578543980854458,0.03149647098779191,0.036818212631752056,0.05338733825842454,0.039282084445693394,0.04124301082664391,0.04731517454253423,6.056766206385955e-05,0.16,True,True,-0.11339413928570696,0.11339413928570696,True,False,False,False,False,False,False,2
327.132,-0.08,0.08,0.0,-0.023833296637572464,0.04536089435595597,0.03174355131802629,0.03714974039046519,0.05204470198157517,0.03858810273934799,0.04233190132309724,0.0471883016523362,0.000743481230713959,0.16,True,True,-0.10548231810790476,0.10548231810790476,True,False,False,False,False,False,False,2
328.44,-0.08,0.08,0.0,-0.01409265114568461,0.044834632107275486,0.03152037852785144,0.036431491008809394,0.05118022724882895,0.03801622177834148,0.042273602876436875,0.046726915062632914,0.0011963597901471987,0.16,True,True,-0.09759719918837106,0.09759719918837106,True,False,False,False,False,False,False,2
329.753,-0.08,0.08,0.0,0.007675327791978781,0.04377465692281879,0.030995308851762306,0.0355034519228658,0.048468101890190116,0.03580228405380317,0.04165010986599275,0.045059105878091435,0.001587978500413846,0.16,True,True,-0.08974485182606018,0.08974485182606018,True,False,False,False,False,False,False,2
331.071,-0.08,0.2,0.0,0.01097697567534428,0.04358726072245792,0.03098798014762008,0.03544901808021623,0.047905295172386286,0.03541276097408587,0.04178906682700742,0.04484718099969685,0.0014430092007906292,0.28,True,True,-0.08192524188342021,0.08192524188342021,True,False,False,False,False,False,False,2
332.394,-0.08,0.2,0.0,0.022788709263983645,0.044052294002675164,0.03137087604608728,0.034385185384219225,0.047862754831004176,0.03527888522174013,0.041811859269720204,0.04483730705036219,0.0007960024554346523,0.28,True,True,-0.07413833280862381,0.07413833280862381,True,False,False,False,False,False,False,2
333.723,-0.08,0.2,0.0,0.032296601332764116,0.04464048062495442,0.0325811181784689,0.03382635103002882,0.04799374476928628,0.03602127094551061,0.04248018713373089,0.045236965951508584,0.0003607309175837764,0.28,True,True,-0.0663782699002875,0.0663782699002875,True,False,False,False,False,False,False,2
335.057,-0.08,0.2,0.08,0.04110813355689911,0.04423214044599955,0.03271286411039966,0.03302388687802697,0.05334579240991081,0.04204121329852596,0.03502362477641065,0.04418470859316073,0.00010807874358316483,0.28,True,True,-0.05865092012670803,0.13865092012670804,True,False,False,False,False,False,False,2
336.396,-0.08,0.2,0.08,0.045439270104842194,0.044455508177191086,0.03319670757593806,0.032880085714975846,0.05271211010771672,0.041657012270815544,0.035673461481964666,0.04419278579484069,0.0005253530040631865,0.28,True,True,-0.05095623887463585,0.13095623887463587,True,False,False,False,False,False,False,2
337.741,-0.08,0.2,0.08,0.048836862061163645,0.04560530475879855,0.03435968007812708,0.03206955071506683,0.05360039287682395,0.04255604688146522,0.03501807048057459,0.04430923167869927,0.0008445798622198214,0.28,True,True,-0.04328850110110949,0.12328850110110949,True,False,False,False,False,False,False,2
339.091,-0.08,0.2,0.08,0.05647596235154302,0.04484624355158286,0.0341191861039366,0.031228585777652428,0.050484377486195955,0.039917029220384884,0.03485350820824807,0.042668942847222016,0.0015578631605542709,0.28,True,True,-0.03565342629832191,0.11565342629832191,True,False,False,False,False,False,False,2
340.446,0.0,0.2,0.08,0.06379178882517049,0.045891538626158156,0.03535175859505316,0.02992961855007322,0.04973479993336482,0.03929518523787591,0.034060641971029745,0.04189772095219728,0.0023714204582789278,0.2,True,True,-0.028050962302613502,0.1080509623026135,True,False,False,False,False,False,False,2
341.807,0.0,0.2,0.08,0.0659712984477242,0.0469579879780277,0.036858734383100764,0.03025144111485966,0.05073079559101888,0.04073029396012253,0.035159828943002264,0.04294531226701057,0.0024983705421340943,0.2,True,True,-0.020475510968374078,0.10047551096837408,True,False,False,False,False,False,False,2
343.173,0.0,0.2,0.08,0.06943228779184565,0.04623654324564479,0.03655330183311884,0.029422883457000962,0.04951062249271902,0.039912523478994225,0.03438169593737249,0.041946159215045756,0.0027330187591560057,0.2,True,True,-0.012932648115310252,0.09293264811531025,True,False,False,False,False,False,False,2
344.545,0.0,0.2,0.08,0.07688934610959872,0.04627880930613243,0.036892319451217265,0.028628763470095145,0.04869074924073576,0.03937806575197557,0.034301436746008857,0.04149609299337231,0.002350953568735603,0.2,True,True,-0.005416858338166852,0.08541685833816685,True,False,False,False,False,False,False,2
345.922,0.0,0.2,0.08,0.08148971867489196,0.04656826665024162,0.03782135653599737,0.02886503473038055,0.048518327636063646,0.039835857876993584,0.03526423456631472,0.041891281101189184,0.0019416277215043437,0.2,True,True,0.002066376613256926,0.07793362338674308,True,False,False,False,False,False,False,2
347.305,0.0,0.2,0.08,0.08318190901374374,0.046016154371677415,0.037261299288293394,0.028968321602147913,0.04765073035352232,0.03895790294894214,0.0353910021852183,0.04152086626937031,0.0018545768733392726,0.2,True,True,0.00952249056997645,0.07047750943002355,True,False,False,False,False,False,False,2
348.693,0.0,0.2,0.08,0.08942762813466418,0.047221359705106485,0.03849285186819471,0.028360592510739767,0.048146463923743235,0.039472024945608905,0.035572050831993496,0.041859257377868365,0.0014011299181780276,0.2,True,True,0.016946094230120723,0.06305390576987928,True,False,False,False,False,False,False,2
350.086,0.0,0.2,0.08,0.09375009553275754,0.048375171046576695,0.0394888171267472,0.02824090884688288,0.04901331266334563,0.040179391045178064,0.035779371019582173,0.0423963418414639,0.0011074385406979817,0.2,True,True,0.024337256202032087,0.055662743797967915,True,False,False,False,False,False,False,2
351.486,0.0,0.2,0.08,0.09163763249491316,0.04627988130763774,0.037612575919106904,0.028449642543794694,0.04718003589249889,0.03856572181636398,0.03543230355346749,0.04130616972298319,0.0012377393585695645,0.2,True,True,0.03170653244237909,0.048293467557620914,True,False,False,False,False,False,False,2
352.891,0.0,0.2,0.08,0.09378870177328852,0.047211948863981765,0.03903726480713784,0.028408327628642503,0.04771048703397161,0.03958288573444696,0.0360894253115672,0.041899956172769405,0.0011728623280730308,0.2,True,True,0.03904334267726539,0.04095665732273461,True,False,False,False,False,False,False,2
354.301,0.08,0.2,0.08,0.1040169217904127,0.046811787470890195,0.03913446581686322,0.02751977943171073,0.046811787470890195,0.03913446581686322,0.036486971242010384,0.041649379356450286,0.0004051788592088629,0.12000000000000001,True,True,0.04634776252617612,0.033652237473823884,True,False,False,False,False,False,False,2
355.717,0.08,0.2,0.08,0.10798599021643417,0.04920541490017809,0.04124436504697891,0.027800290242753087,0.04920541490017809,0.04124436504697891,0.03747722130695368,0.04334131810356588,0.00012760498605356163,0.12000000000000001,True,True,0.0536249879834545,0.026375012016545504,True,False,False,False,False,False,False,2
357.139,0.08,0.2,0.14,0.12235616997025785,0.04877801360708185,0.041570772112818524,0.027345681520293097,0.05282985222979962,0.04567562425474345,0.03290033967871761,0.042865095954258615,0.00034780002011390587,0.12000000000000001,True,True,0.06087497573744183,0.07912502426255819,True,False,False,False,False,False,False,2
358.567,0.08,0.2,0.08,0.10944117974711143,0.04794023073792378,0.04086821964242117,0.027651755087213507,0.04794023073792378,0.04086821964242117,0.03774949367716891,0.042844862207546346,3.568741199310582e-05,0.12000000000000001,True,True,0.0680976858967437,0.011902314103256303,True,False,False,False,False,False,False,2
360.0,0.08,0.2,0.14,0.14942167509437632,0.04867812327599638,0.04104869862101062,0.02691151428131136,0.05189954228044777,0.04431616747801319,0.03317802905131256,0.042538785665880166,0.0005043990817801824,0.12000000000000001,True,True,0.07528808419267885,0.06471191580732116,True,False,False,False,False,False,False,2
