temperature,b_median,b_lo,b_hi,mean_contacts_median,mean_contacts_lo,mean_contacts_hi,mean_contacts_obs,mean_rg_median,mean_rg_lo,mean_rg_hi,mean_rg_obs
280,-0.1066762604,-0.1226426135,-0.09561226347,9.387669171,9.19914365,9.670780817,8.984389264,1.707529326,1.694894613,1.716002915,1.73303239
281.119,-0.111423796,-0.1269128294,-0.1006052289,9.470455518,9.283469682,9.748814372,9.245772473,1.703823606,1.691430896,1.712206747,1.725422647
282.243,-0.1161546473,-0.1311680386,-0.1055806475,9.55411466,9.368727477,9.827580173,9.307776459,1.700088187,1.687942802,1.708378504,1.7239567
283.371,-0.1208646037,-0.1355013082,-0.1105340911,9.638582149,9.454853068,9.908842252,9.500424122,1.696326168,1.684352661,1.704521305,1.718127034
284.504,-0.1255578409,-0.1398402114,-0.1154699511,9.723942826,9.541934715,9.991293041,9.659105502,1.692533995,1.680718767,1.70063145,1.714832479
285.641,-0.1302302183,-0.1441598298,-0.1203838729,9.810131253,9.62990746,10.07447407,9.834191087,1.688714797,1.677061574,1.696712094,1.709947548
286.783,-0.1349293838,-0.1484639658,-0.1252801823,9.898053322,9.718860566,10.15846553,10.00332032,1.684828801,1.673377742,1.692759517,1.700946195
287.929,-0.139679275,-0.1527488554,-0.1301545974,9.988213423,9.808727984,10.24320074,10.21586255,1.680854324,1.669670379,1.688776912,1.694346421
289.08,-0.1444119831,-0.1570182442,-0.1350113789,10.07936263,9.899599923,10.32876042,10.39969494,1.676846907,1.665936143,1.684760545,1.684980734
290.235,-0.1491234051,-0.1612684307,-0.1398463163,10.17143241,9.991409137,10.4150768,10.52441992,1.672809816,1.662178176,1.680713651,1.68135503
291.395,-0.1537503628,-0.1655031043,-0.1446636065,10.26316871,10.08424672,10.50223104,10.66035238,1.668798054,1.658393134,1.676632482,1.677789304
292.56,-0.1583440348,-0.1697222324,-0.1494632124,10.35556209,10.17812497,10.59022997,10.742928,1.664768276,1.654580921,1.672516781,1.673152506
293.729,-0.1629168519,-0.1739222061,-0.1542410286,10.44886478,10.27297462,10.67900406,10.80745694,1.660709669,1.650744738,1.668369857,1.673833686
294.903,-0.1674727413,-0.1781066323,-0.1590011583,10.54316571,10.36888796,10.76863504,10.91321815,1.65661861,1.646881243,1.664187946,1.672476756
296.082,-0.1720116736,-0.182275484,-0.1637435706,10.63847449,10.46587677,10.85912906,11.13718124,1.652494941,1.642990372,1.659970828,1.665701934
297.266,-0.1765336215,-0.1864287361,-0.168468237,10.73480051,10.5639526,10.950492,11.28130401,1.648338517,1.639072074,1.65571829,1.658448328
298.454,-0.1810347861,-0.1905628994,-0.1731711885,10.8320707,10.66304305,11.0426517,11.4622364,1.644152738,1.635129636,1.651433751,1.653052085
299.647,-0.1855189781,-0.194681474,-0.1778564066,10.93037492,10.76324166,11.13569041,11.60946458,1.639933985,1.631159726,1.647113448,1.643945135
300.845,-0.1899861759,-0.1988596464,-0.1825238685,11.02972157,10.86455909,11.23134629,11.84358225,1.63568216,1.627088666,1.642757216,1.638406917
302.047,-0.1944493353,-0.2029072057,-0.1871697042,11.13041348,10.96692017,11.32525166,12.03045767,1.631384619,1.623102396,1.638368571,1.630304786
303.254,-0.1989262359,-0.2069518678,-0.191797806,11.23288128,11.07041909,11.42032718,12.26913418,1.627023424,1.619076747,1.633943756,1.620688739
304.467,-0.2033276055,-0.211016155,-0.1964119456,11.3350758,11.17515193,11.51712848,12.37867027,1.622685948,1.614988574,1.62947898,1.611024222
305.683,-0.2076854553,-0.2150581188,-0.2010007417,11.43770501,11.28086774,11.61467357,12.57566604,1.618342054,1.610879657,1.624985224,1.602430542
306.905,-0.2120829269,-0.2190877593,-0.2055755475,11.54274847,11.38783489,11.71320552,12.58901771,1.613908341,1.606739944,1.620451363,1.606538437
308.132,-0.2165062286,-0.2231017296,-0.2101325629,11.64993355,11.49597463,11.81264691,12.6806258,1.609397005,1.602572899,1.615881052,1.604875237
309.364,-0.2209136322,-0.2271000214,-0.2146717787,11.75827776,11.60529422,11.91299981,12.83944221,1.60484986,1.598378632,1.611274281,1.602046812
310.6,-0.2252869045,-0.2310794215,-0.2191895469,11.86732973,11.71571066,12.01418374,12.76016562,1.600286053,1.594160687,1.606634829,1.604339052
311.842,-0.2296177347,-0.2350463639,-0.223693172,11.97686399,11.82740854,12.11636343,12.94496911,1.595715099,1.58991239,1.601955239,1.595811457
313.088,-0.2339404943,-0.2389944568,-0.2281753977,12.08774447,11.94021317,12.21937481,13.29451342,1.591101135,1.585640752,1.597243122,1.583555648
314.34,-0.23817332,-0.2429245864,-0.2326434161,12.19783944,12.05430999,12.3232377,13.48962746,1.586532831,1.581345112,1.592491026,1.573050644
315.596,-0.2422626341,-0.2468349494,-0.2371113379,12.3056519,12.17007485,12.42790078,13.67276528,1.582071651,1.577027751,1.587683688,1.567640144
316.858,-0.2464925763,-0.2507327692,-0.241582556,12.41868564,12.28762039,12.53355552,13.82906092,1.577407436,1.572680949,1.582816911,1.563131537
318.124,-0.2507260877,-0.2546118709,-0.2460323024,12.53337547,12.40630738,12.64003241,14.07046361,1.572688366,1.568311856,1.577917536,1.558760262
319.396,-0.2547637402,-0.2584783865,-0.2504676112,12.64422692,12.52632423,12.74749688,14.0994728,1.568139966,1.56391386,1.572978077,1.56031694
320.672,-0.2588378017,-0.2626576812,-0.2548815146,12.75755347,12.64748205,12.86516503,14.24691703,1.563502877,1.559111512,1.568006592,1.557697872
321.954,-0.2630248268,-0.2668561395,-0.2592809386,12.87557818,12.76996944,12.98496916,14.38153528,1.558687192,1.55423606,1.562995621,1.553313115
323.241,-0.2671947753,-0.2706637438,-0.2636356714,12.99470396,12.89292865,13.09501644,14.5871219,1.553840533,1.549770036,1.557980408,1.545547364
324.533,-0.2712822971,-0.2744557647,-0.2679567336,13.11302021,13.01664155,13.20594388,14.56646811,1.549040514,1.54528015,1.552949499,1.545569386
325.83,-0.2753934079,-0.2782148122,-0.2721224206,13.23357522,13.13752789,13.31722441,14.80466496,1.544163554,1.540787782,1.548047936,1.540475119
327.132,-0.2794359984,-0.281957013,-0.2763099191,13.35365616,13.26066547,13.4293187,14.92632904,1.53931956,1.536274399,1.543069554,1.543848623
328.44,-0.2833781665,-0.2856865841,-0.2803095532,13.47222835,13.37980481,13.54234529,15.05278513,1.534549754,1.531735374,1.538266543,1.540037024
329.753,-0.2873398546,-0.2897080557,-0.2843326684,13.59286346,13.50115817,13.66568963,15.26595992,1.529710397,1.526795453,1.53338799,1.537194892
331.071,-0.2914010882,-0.2937356206,-0.2879700153,13.71807334,13.61218908,13.79076075,15.46511396,1.524701677,1.52180056,1.528936386,1.531425373
332.394,-0.2954495897,-0.2977463426,-0.2920229345,13.84445289,13.73738401,13.91684655,15.65085737,1.519660607,1.516779425,1.523930476,1.524461999
333.723,-0.2994749798,-0.3017833684,-0.2961565486,13.97166324,13.86668439,14.04531369,15.79094471,1.514600866,1.511678017,1.518775339,1.516129796
335.057,-0.3035054558,-0.3058432178,-0.2999254467,14.10058948,13.98599876,14.17608363,15.88181106,1.509487497,1.506500065,1.514031609,1.51397277
336.396,-0.3074432024,-0.3098599519,-0.303680324,14.22805481,14.10622259,14.30702288,15.95942996,1.504446351,1.501330276,1.509264453,1.51069527
337.741,-0.3113616795,-0.3137907845,-0.3074248005,14.35637501,14.22746066,14.43666264,16.19126879,1.499385558,1.496226256,1.504469864,1.503174788
339.091,-0.3153102246,-0.3178226369,-0.3111533263,14.48717166,14.34952053,14.57117497,16.29346586,1.494241529,1.490945404,1.499655589,1.499719398
340.446,-0.3193304321,-0.3218372686,-0.3148659269,14.62187935,14.4723859,14.70666058,16.48523066,1.488958716,1.485641584,1.494822368,1.495316458
341.807,-0.3233089034,-0.3258376357,-0.318565336,14.75671145,14.59613043,14.8431966,16.6913559,1.483686085,1.480311907,1.489967407,1.49034144
343.173,-0.32734197,-0.3298207938,-0.3222488309,14.89493523,14.72064513,14.98065824,16.85042336,1.478296252,1.474961363,1.485095077,1.479209222
344.545,-0.3312625782,-0.3337896554,-0.3259191048,15.03078587,14.84600195,15.11912006,17.10830252,1.473013968,1.469587154,1.480202649,1.470772232
345.922,-0.3350961989,-0.3377413258,-0.3295734809,15.16502613,14.97208925,15.25845347,17.15169268,1.467808717,1.464194364,1.475294557,1.467413153
347.305,-0.3389451663,-0.3416786745,-0.3332146126,15.30119053,15.0989772,15.39873037,17.19845148,1.462543297,1.458780291,1.470368137,1.470752308
348.693,-0.3428371596,-0.3455988554,-0.3368398682,15.44027739,15.22655156,15.53981846,17.36596829,1.457179661,1.453350107,1.465427884,1.465343397
350.086,-0.3466323234,-0.3495749478,-0.3404492812,15.57724781,15.35478853,15.68435307,17.64202612,1.451912061,1.447802848,1.460474755,1.458602162
351.486,-0.350372013,-0.3534837749,-0.3440480064,15.71350067,15.48384777,15.82783276,17.5908983,1.446686062,1.442311439,1.455502635,1.459673787
352.891,-0.3540677942,-0.3573571044,-0.3475514751,15.84938872,15.61063205,15.97134968,17.76414514,1.44148775,1.436833691,1.450630462,1.454201304
354.301,-0.3577987015,-0.3612133339,-0.3509768239,15.98779658,15.73566641,16.11553715,17.84999087,1.436206909,1.431345319,1.445837323,1.451569942
355.717,-0.361617698,-0.3650552068,-0.35438942,16.13073099,15.86128261,16.26045884,17.9561861,1.430767842,1.425843895,1.441033521,1.447881959
357.139,-0.3654213681,-0.3688826999,-0.3577892433,16.27433707,15.98745475,16.40607479,17.98555512,1.425317843,1.420330933,1.436220055,1.447445037
358.567,-0.3690757048,-0.3726957924,-0.3611762749,16.41345049,16.11415603,16.55234356,17.92919177,1.420052091,1.414807982,1.431397943,1.447945345
360,-0.372736655,-0.3764918265,-0.3645481542,16.55391776,16.24127014,16.69911988,18.00590271,1.414748626,1.40928048,1.426571592,1.448561944
